row_type,factor,horizon,target,n,rank_ic,directional_accuracy,curve_shape_hit_rate,quantile_monotonic,quantile_realized_means,aligned_target,benchmark_model,benchmark_rank_ic,benchmark_delta_ic,tag,decision_target,decision_reason,sign_audit_status,sign_audit_note,decision_rank_ic_3m,decision_rank_ic_6m,decision_benchmark_rank_ic_3m,decision_benchmark_rank_ic_6m,decision_benchmark_delta_3m,decision_benchmark_delta_6m,effective_independent_n,window_caveat
benchmark,benchmark:momentum_3m,3m,10Y,2789,-0.05223218671697328,0.47221226245966297,,False,0.057849|0.046039|0.061436|0.097706|0.005484,False,momentum_3m,-0.05223218671697328,0.0,bar,10Y,phase0_reference_bar,,,,,,,,,44.26984126984127,"Targets use overlapping 63/126-day forward windows sampled daily; effective independent N is roughly n/horizon_days, so IC is a relative ranking metric rather than an absolute significance test."
benchmark,benchmark:momentum_3m,3m,2Y,2789,0.22166279060688232,0.5736823234134099,,False,-0.000789|-0.047742|0.052639|-0.016918|0.377133,False,momentum_3m,0.22166279060688232,0.0,bar,2Y,phase0_reference_bar,,,,,,,,,44.26984126984127,"Targets use overlapping 63/126-day forward windows sampled daily; effective independent N is roughly n/horizon_days, so IC is a relative ranking metric rather than an absolute significance test."
benchmark,benchmark:momentum_3m,3m,2s10s,2789,0.14734450181419018,0.5787020437432772,0.9261384008605235,True,-0.071326|-0.059785|-0.016104|0.023405|0.027957,False,momentum_3m,0.14734450181419018,0.0,bar,2s10s,phase0_reference_bar,,,,,,,,,44.26984126984127,"Targets use overlapping 63/126-day forward windows sampled daily; effective independent N is roughly n/horizon_days, so IC is a relative ranking metric rather than an absolute significance test."
benchmark,benchmark:momentum_3m,3m,30Y,2789,-0.1049854579096364,0.44926496952312656,,False,0.090573|0.009731|0.111077|0.077742|-0.020860,False,momentum_3m,-0.1049854579096364,0.0,bar,30Y,phase0_reference_bar,,,,,,,,,44.26984126984127,"Targets use overlapping 63/126-day forward windows sampled daily; effective independent N is roughly n/horizon_days, so IC is a relative ranking metric rather than an absolute significance test."
benchmark,benchmark:momentum_3m,3m,5Y,2789,0.039941630024607294,0.5012549300824668,,False,0.024928|0.044946|0.078456|-0.001326|0.137097,False,momentum_3m,0.039941630024607294,0.0,bar,5Y,phase0_reference_bar,,,,,,,,,44.26984126984127,"Targets use overlapping 63/126-day forward windows sampled daily; effective independent N is roughly n/horizon_days, so IC is a relative ranking metric rather than an absolute significance test."
benchmark,benchmark:momentum_3m,3m,5s30s,2789,0.11314019752310214,0.5299390462531374,0.8978128361419864,False,-0.047616|-0.031039|0.013178|0.032814|0.016792,False,momentum_3m,0.11314019752310214,0.0,bar,5s30s,phase0_reference_bar,,,,,,,,,44.26984126984127,"Targets use overlapping 63/126-day forward windows sampled daily; effective independent N is roughly n/horizon_days, so IC is a relative ranking metric rather than an absolute significance test."
benchmark,benchmark:momentum_3m,6m,10Y,2726,0.013872937055944971,0.4842259721203228,,False,0.010330|0.087706|0.156000|0.155229|0.094275,False,momentum_3m,0.013872937055944971,0.0,bar,10Y,phase0_reference_bar,,,,,,,,,21.634920634920636,"Targets use overlapping 63/126-day forward windows sampled daily; effective independent N is roughly n/horizon_days, so IC is a relative ranking metric rather than an absolute significance test."
benchmark,benchmark:momentum_3m,6m,2Y,2726,0.24887392529705035,0.5818048422597212,,False,-0.145275|-0.088624|0.252220|0.110183|0.578330,False,momentum_3m,0.24887392529705035,0.0,bar,2Y,phase0_reference_bar,,,,,,,,,21.634920634920636,"Targets use overlapping 63/126-day forward windows sampled daily; effective independent N is roughly n/horizon_days, so IC is a relative ranking metric rather than an absolute significance test."
benchmark,benchmark:momentum_3m,6m,2s10s,2726,0.28690642160872015,0.6382978723404256,0.9042553191489362,False,-0.254542|-0.112239|0.018037|0.126495|0.019706,False,momentum_3m,0.28690642160872015,0.0,bar,2s10s,phase0_reference_bar,,,,,,,,,21.634920634920636,"Targets use overlapping 63/126-day forward windows sampled daily; effective independent N is roughly n/horizon_days, so IC is a relative ranking metric rather than an absolute significance test."
benchmark,benchmark:momentum_3m,6m,30Y,2726,-0.03087174338760357,0.49633162142333087,,False,0.075678|0.034954|0.199835|0.127963|0.055229,False,momentum_3m,-0.03087174338760357,0.0,bar,30Y,phase0_reference_bar,,,,,,,,,21.634920634920636,"Targets use overlapping 63/126-day forward windows sampled daily; effective independent N is roughly n/horizon_days, so IC is a relative ranking metric rather than an absolute significance test."
benchmark,benchmark:momentum_3m,6m,5Y,2726,0.08787808921251757,0.49926632428466616,,False,-0.060128|0.068661|0.186789|0.079009|0.268844,False,momentum_3m,0.08787808921251757,0.0,bar,5Y,phase0_reference_bar,,,,,,,,,21.634920634920636,"Targets use overlapping 63/126-day forward windows sampled daily; effective independent N is roughly n/horizon_days, so IC is a relative ranking metric rather than an absolute significance test."
benchmark,benchmark:momentum_3m,6m,5s30s,2726,0.1570380665735517,0.5418195157740279,0.9020542920029347,False,-0.132308|-0.040330|0.019743|0.078202|0.025670,False,momentum_3m,0.1570380665735517,0.0,bar,5s30s,phase0_reference_bar,,,,,,,,,21.634920634920636,"Targets use overlapping 63/126-day forward windows sampled daily; effective independent N is roughly n/horizon_days, so IC is a relative ranking metric rather than an absolute significance test."
benchmark,benchmark:random_walk,3m,10Y,2789,,0.00968088920760129,,False,,False,momentum_3m,-0.05223218671697328,,bar,10Y,phase0_reference_bar,,,,,,,,,44.26984126984127,"Targets use overlapping 63/126-day forward windows sampled daily; effective independent N is roughly n/horizon_days, so IC is a relative ranking metric rather than an absolute significance test."
benchmark,benchmark:random_walk,3m,2Y,2789,,0.024022947292936535,,False,,False,momentum_3m,0.22166279060688232,,bar,2Y,phase0_reference_bar,,,,,,,,,44.26984126984127,"Targets use overlapping 63/126-day forward windows sampled daily; effective independent N is roughly n/horizon_days, so IC is a relative ranking metric rather than an absolute significance test."
benchmark,benchmark:random_walk,3m,2s10s,2789,-0.293893217463902,0.4284689852993905,0.9487271423449265,False,0.048638|0.016165|0.001149|-0.015968|-0.145806,False,momentum_3m,0.14734450181419018,-0.441237719278,bar,2s10s,phase0_reference_bar,,,,,,,,,44.26984126984127,"Targets use overlapping 63/126-day forward windows sampled daily; effective independent N is roughly n/horizon_days, so IC is a relative ranking metric rather than an absolute significance test."
benchmark,benchmark:random_walk,3m,30Y,2789,,0.01541771244173539,,False,,False,momentum_3m,-0.1049854579096364,,bar,30Y,phase0_reference_bar,,,,,,,,,44.26984126984127,"Targets use overlapping 63/126-day forward windows sampled daily; effective independent N is roughly n/horizon_days, so IC is a relative ranking metric rather than an absolute significance test."
benchmark,benchmark:random_walk,3m,5Y,2789,,0.010039440659734672,,False,,False,momentum_3m,0.039941630024607294,,bar,5Y,phase0_reference_bar,,,,,,,,,44.26984126984127,"Targets use overlapping 63/126-day forward windows sampled daily; effective independent N is roughly n/horizon_days, so IC is a relative ranking metric rather than an absolute significance test."
benchmark,benchmark:random_walk,3m,5s30s,2789,-0.2234812653250364,0.45679455001792757,0.9117963427751883,False,0.064409|0.010502|-0.002873|-0.028136|-0.059803,False,momentum_3m,0.11314019752310214,-0.336621462848,bar,5s30s,phase0_reference_bar,,,,,,,,,44.26984126984127,"Targets use overlapping 63/126-day forward windows sampled daily; effective independent N is roughly n/horizon_days, so IC is a relative ranking metric rather than an absolute significance test."
benchmark,benchmark:random_walk,6m,10Y,2726,,0.008437270726338958,,False,,False,momentum_3m,0.013872937055944971,,bar,10Y,phase0_reference_bar,,,,,,,,,21.634920634920636,"Targets use overlapping 63/126-day forward windows sampled daily; effective independent N is roughly n/horizon_days, so IC is a relative ranking metric rather than an absolute significance test."
benchmark,benchmark:random_walk,6m,2Y,2726,,0.016140865737344093,,False,,False,momentum_3m,0.24887392529705035,,bar,2Y,phase0_reference_bar,,,,,,,,,21.634920634920636,"Targets use overlapping 63/126-day forward windows sampled daily; effective independent N is roughly n/horizon_days, so IC is a relative ranking metric rather than an absolute significance test."
benchmark,benchmark:random_walk,6m,2s10s,2726,-0.4475912230014499,0.3848129126925899,0.9016874541452677,False,0.142674|0.038404|0.037743|-0.081890|-0.340202,False,momentum_3m,0.28690642160872015,-0.73449764461,bar,2s10s,phase0_reference_bar,,,,,,,,,21.634920634920636,"Targets use overlapping 63/126-day forward windows sampled daily; effective independent N is roughly n/horizon_days, so IC is a relative ranking metric rather than an absolute significance test."
benchmark,benchmark:random_walk,6m,30Y,2726,,0.004402054292002935,,False,,False,momentum_3m,-0.03087174338760357,,bar,30Y,phase0_reference_bar,,,,,,,,,21.634920634920636,"Targets use overlapping 63/126-day forward windows sampled daily; effective independent N is roughly n/horizon_days, so IC is a relative ranking metric rather than an absolute significance test."
benchmark,benchmark:random_walk,6m,5Y,2726,,0.006969919295671314,,False,,False,momentum_3m,0.08787808921251757,,bar,5Y,phase0_reference_bar,,,,,,,,,21.634920634920636,"Targets use overlapping 63/126-day forward windows sampled daily; effective independent N is roughly n/horizon_days, so IC is a relative ranking metric rather than an absolute significance test."
benchmark,benchmark:random_walk,6m,5s30s,2726,-0.36385637560137984,0.44644167278063096,0.9071900220102714,False,0.090879|0.136000|-0.012661|-0.100110|-0.163541,False,momentum_3m,0.1570380665735517,-0.520894442175,bar,5s30s,phase0_reference_bar,,,,,,,,,21.634920634920636,"Targets use overlapping 63/126-day forward windows sampled daily; effective independent N is roughly n/horizon_days, so IC is a relative ranking metric rather than an absolute significance test."
factor,cochrane_piazzesi,3m,10Y,2789,0.06825307768781791,0.5299390462531374,,False,0.073710|0.019211|-0.026248|-0.007294|0.208978,True,momentum_3m,-0.05223218671697328,0.120485264405,keep,10Y,correct_sign_and_beats_momentum_bar_on_aligned_target,not_required,,0.06825307768781791,0.08125886654152005,-0.05223218671697328,0.013872937055944971,0.120485264405,0.067385929486,44.26984126984127,"Targets use overlapping 63/126-day forward windows sampled daily; effective independent N is roughly n/horizon_days, so IC is a relative ranking metric rather than an absolute significance test."
factor,cochrane_piazzesi,3m,2Y,2789,0.1726786268801872,0.5184653997848692,,False,-0.001828|0.019875|-0.046014|0.079982|0.312133,True,momentum_3m,0.22166279060688232,-0.048984163727,keep,10Y,correct_sign_and_beats_momentum_bar_on_aligned_target,not_required,,0.06825307768781791,0.08125886654152005,-0.05223218671697328,0.013872937055944971,0.120485264405,0.067385929486,44.26984126984127,"Targets use overlapping 63/126-day forward windows sampled daily; effective independent N is roughly n/horizon_days, so IC is a relative ranking metric rather than an absolute significance test."
factor,cochrane_piazzesi,3m,2s10s,2789,-0.22418921687434873,0.4198637504481893,,False,0.075538|-0.000663|0.019767|-0.087276|-0.103154,True,momentum_3m,0.14734450181419018,-0.371533718689,keep,10Y,correct_sign_and_beats_momentum_bar_on_aligned_target,not_required,,0.06825307768781791,0.08125886654152005,-0.05223218671697328,0.013872937055944971,0.120485264405,0.067385929486,44.26984126984127,"Targets use overlapping 63/126-day forward windows sampled daily; effective independent N is roughly n/horizon_days, so IC is a relative ranking metric rather than an absolute significance test."
factor,cochrane_piazzesi,3m,30Y,2789,0.03199806230570733,0.4944424524919326,,False,0.072419|0.041183|0.000018|-0.016326|0.170771,True,momentum_3m,-0.1049854579096364,0.136983520215,keep,10Y,correct_sign_and_beats_momentum_bar_on_aligned_target,not_required,,0.06825307768781791,0.08125886654152005,-0.05223218671697328,0.013872937055944971,0.120485264405,0.067385929486,44.26984126984127,"Targets use overlapping 63/126-day forward windows sampled daily; effective independent N is roughly n/horizon_days, so IC is a relative ranking metric rather than an absolute significance test."
factor,cochrane_piazzesi,3m,5Y,2789,0.08814714162464134,0.5259949802796702,,False,0.065556|0.008530|-0.047774|0.014659|0.242903,True,momentum_3m,0.039941630024607294,0.0482055116,keep,10Y,correct_sign_and_beats_momentum_bar_on_aligned_target,not_required,,0.06825307768781791,0.08125886654152005,-0.05223218671697328,0.013872937055944971,0.120485264405,0.067385929486,44.26984126984127,"Targets use overlapping 63/126-day forward windows sampled daily; effective independent N is roughly n/horizon_days, so IC is a relative ranking metric rather than an absolute significance test."
factor,cochrane_piazzesi,3m,5s30s,2789,-0.1482517204341213,0.42703477949085694,,False,0.006864|0.032652|0.047792|-0.030986|-0.072133,True,momentum_3m,0.11314019752310214,-0.261391917957,keep,10Y,correct_sign_and_beats_momentum_bar_on_aligned_target,not_required,,0.06825307768781791,0.08125886654152005,-0.05223218671697328,0.013872937055944971,0.120485264405,0.067385929486,44.26984126984127,"Targets use overlapping 63/126-day forward windows sampled daily; effective independent N is roughly n/horizon_days, so IC is a relative ranking metric rather than an absolute significance test."
factor,cochrane_piazzesi,6m,10Y,2726,0.08125886654152005,0.5436537050623624,,False,0.146154|0.008000|-0.032183|0.078697|0.302624,True,momentum_3m,0.013872937055944971,0.067385929486,keep,10Y,correct_sign_and_beats_momentum_bar_on_aligned_target,not_required,,0.06825307768781791,0.08125886654152005,-0.05223218671697328,0.013872937055944971,0.120485264405,0.067385929486,21.634920634920636,"Targets use overlapping 63/126-day forward windows sampled daily; effective independent N is roughly n/horizon_days, so IC is a relative ranking metric rather than an absolute significance test."
factor,cochrane_piazzesi,6m,2Y,2726,0.14687130558318634,0.5271460014673515,,False,0.057527|-0.044697|-0.027761|0.242110|0.479284,True,momentum_3m,0.24887392529705035,-0.102002619714,keep,10Y,correct_sign_and_beats_momentum_bar_on_aligned_target,not_required,,0.06825307768781791,0.08125886654152005,-0.05223218671697328,0.013872937055944971,0.120485264405,0.067385929486,21.634920634920636,"Targets use overlapping 63/126-day forward windows sampled daily; effective independent N is roughly n/horizon_days, so IC is a relative ranking metric rather than an absolute significance test."
factor,cochrane_piazzesi,6m,2s10s,2726,-0.22149989421592697,0.4075568598679384,,False,0.088626|0.052697|-0.004422|-0.163413|-0.176661,True,momentum_3m,0.28690642160872015,-0.508406315825,keep,10Y,correct_sign_and_beats_momentum_bar_on_aligned_target,not_required,,0.06825307768781791,0.08125886654152005,-0.05223218671697328,0.013872937055944971,0.120485264405,0.067385929486,21.634920634920636,"Targets use overlapping 63/126-day forward windows sampled daily; effective independent N is roughly n/horizon_days, so IC is a relative ranking metric rather than an absolute significance test."
factor,cochrane_piazzesi,6m,30Y,2726,0.06830846918709588,0.5256786500366838,,False,0.117637|0.057963|0.006697|0.069505|0.241780,True,momentum_3m,-0.03087174338760357,0.099180212575,keep,10Y,correct_sign_and_beats_momentum_bar_on_aligned_target,not_required,,0.06825307768781791,0.08125886654152005,-0.05223218671697328,0.013872937055944971,0.120485264405,0.067385929486,21.634920634920636,"Targets use overlapping 63/126-day forward windows sampled daily; effective independent N is roughly n/horizon_days, so IC is a relative ranking metric rather than an absolute significance test."
factor,cochrane_piazzesi,6m,5Y,2726,0.06588141590696302,0.5161408657373441,,False,0.162344|-0.036422|-0.052642|0.117193|0.352294,True,momentum_3m,0.08787808921251757,-0.021996673306,keep,10Y,correct_sign_and_beats_momentum_bar_on_aligned_target,not_required,,0.06825307768781791,0.08125886654152005,-0.05223218671697328,0.013872937055944971,0.120485264405,0.067385929486,21.634920634920636,"Targets use overlapping 63/126-day forward windows sampled daily; effective independent N is roughly n/horizon_days, so IC is a relative ranking metric rather than an absolute significance test."
factor,cochrane_piazzesi,6m,5s30s,2726,-0.1207260166876032,0.40645634629493765,,False,-0.044707|0.094385|0.059339|-0.047688|-0.110514,True,momentum_3m,0.1570380665735517,-0.277764083261,keep,10Y,correct_sign_and_beats_momentum_bar_on_aligned_target,not_required,,0.06825307768781791,0.08125886654152005,-0.05223218671697328,0.013872937055944971,0.120485264405,0.067385929486,21.634920634920636,"Targets use overlapping 63/126-day forward windows sampled daily; effective independent N is roughly n/horizon_days, so IC is a relative ranking metric rather than an absolute significance test."
factor,global_relative_value,3m,10Y,2789,0.09259369729698573,0.5396199354607386,,False,-0.041541|0.049014|0.131436|0.076577|0.053154,True,momentum_3m,-0.05223218671697328,0.144825884014,keep,30Y,correct_sign_and_beats_momentum_bar_on_aligned_target,fixed_code_sign_bug,"Fixed: a wider UST premium versus Bund/JGB is treated as relative-value demand for USTs, leaning yields lower.",0.10143209375526424,0.11529674708647504,-0.1049854579096364,-0.03087174338760357,0.206417551665,0.146168490474,44.26984126984127,"Targets use overlapping 63/126-day forward windows sampled daily; effective independent N is roughly n/horizon_days, so IC is a relative ranking metric rather than an absolute significance test."
factor,global_relative_value,3m,2Y,2789,-0.027054358776828904,0.44352814628899245,,False,0.043351|0.074552|0.131167|0.074588|0.040806,False,momentum_3m,0.22166279060688232,-0.248717149384,keep,30Y,correct_sign_and_beats_momentum_bar_on_aligned_target,fixed_code_sign_bug,"Fixed: a wider UST premium versus Bund/JGB is treated as relative-value demand for USTs, leaning yields lower.",0.10143209375526424,0.11529674708647504,-0.1049854579096364,-0.03087174338760357,0.206417551665,0.146168490474,44.26984126984127,"Targets use overlapping 63/126-day forward windows sampled daily; effective independent N is roughly n/horizon_days, so IC is a relative ranking metric rather than an absolute significance test."
factor,global_relative_value,3m,2s10s,2789,0.14539466366364065,0.5514521333811402,,True,-0.084892|-0.025538|0.000269|0.001989|0.012348,False,momentum_3m,0.14734450181419018,-0.001949838151,keep,30Y,correct_sign_and_beats_momentum_bar_on_aligned_target,fixed_code_sign_bug,"Fixed: a wider UST premium versus Bund/JGB is treated as relative-value demand for USTs, leaning yields lower.",0.10143209375526424,0.11529674708647504,-0.1049854579096364,-0.03087174338760357,0.206417551665,0.146168490474,44.26984126984127,"Targets use overlapping 63/126-day forward windows sampled daily; effective independent N is roughly n/horizon_days, so IC is a relative ranking metric rather than an absolute significance test."
factor,global_relative_value,3m,30Y,2789,0.10143209375526424,0.5507350304768734,,False,-0.021075|0.044588|0.114524|0.067527|0.062706,True,momentum_3m,-0.1049854579096364,0.206417551665,keep,30Y,correct_sign_and_beats_momentum_bar_on_aligned_target,fixed_code_sign_bug,"Fixed: a wider UST premium versus Bund/JGB is treated as relative-value demand for USTs, leaning yields lower.",0.10143209375526424,0.11529674708647504,-0.1049854579096364,-0.03087174338760357,0.206417551665,0.146168490474,44.26984126984127,"Targets use overlapping 63/126-day forward windows sampled daily; effective independent N is roughly n/horizon_days, so IC is a relative ranking metric rather than an absolute significance test."
factor,global_relative_value,3m,5Y,2789,0.061485896331529344,0.5177482968806024,,False,-0.031057|0.057545|0.129031|0.079624|0.049050,False,momentum_3m,0.039941630024607294,0.021544266307,keep,30Y,correct_sign_and_beats_momentum_bar_on_aligned_target,fixed_code_sign_bug,"Fixed: a wider UST premium versus Bund/JGB is treated as relative-value demand for USTs, leaning yields lower.",0.10143209375526424,0.11529674708647504,-0.1049854579096364,-0.03087174338760357,0.206417551665,0.146168490474,44.26984126984127,"Targets use overlapping 63/126-day forward windows sampled daily; effective independent N is roughly n/horizon_days, so IC is a relative ranking metric rather than an absolute significance test."
factor,global_relative_value,3m,5s30s,2789,0.003042243624307782,0.4786661885980638,,False,0.009982|-0.012957|-0.014506|-0.012097|0.013656,False,momentum_3m,0.11314019752310214,-0.110097953899,keep,30Y,correct_sign_and_beats_momentum_bar_on_aligned_target,fixed_code_sign_bug,"Fixed: a wider UST premium versus Bund/JGB is treated as relative-value demand for USTs, leaning yields lower.",0.10143209375526424,0.11529674708647504,-0.1049854579096364,-0.03087174338760357,0.206417551665,0.146168490474,44.26984126984127,"Targets use overlapping 63/126-day forward windows sampled daily; effective independent N is roughly n/horizon_days, so IC is a relative ranking metric rather than an absolute significance test."
factor,global_relative_value,6m,10Y,2726,0.10291706148378219,0.5418195157740279,,False,-0.023718|0.076716|0.214917|0.153046|0.082642,True,momentum_3m,0.013872937055944971,0.089044124428,keep,30Y,correct_sign_and_beats_momentum_bar_on_aligned_target,fixed_code_sign_bug,"Fixed: a wider UST premium versus Bund/JGB is treated as relative-value demand for USTs, leaning yields lower.",0.10143209375526424,0.11529674708647504,-0.1049854579096364,-0.03087174338760357,0.206417551665,0.146168490474,21.634920634920636,"Targets use overlapping 63/126-day forward windows sampled daily; effective independent N is roughly n/horizon_days, so IC is a relative ranking metric rather than an absolute significance test."
factor,global_relative_value,6m,2Y,2726,-0.056157005710240994,0.4471753484959648,,False,0.138846|0.154092|0.302275|0.123633|-0.012532,False,momentum_3m,0.24887392529705035,-0.305030931007,keep,30Y,correct_sign_and_beats_momentum_bar_on_aligned_target,fixed_code_sign_bug,"Fixed: a wider UST premium versus Bund/JGB is treated as relative-value demand for USTs, leaning yields lower.",0.10143209375526424,0.11529674708647504,-0.1049854579096364,-0.03087174338760357,0.206417551665,0.146168490474,21.634920634920636,"Targets use overlapping 63/126-day forward windows sampled daily; effective independent N is roughly n/horizon_days, so IC is a relative ranking metric rather than an absolute significance test."
factor,global_relative_value,6m,2s10s,2726,0.24450900019991312,0.5939104915627292,,False,-0.162564|-0.077376|-0.087358|0.029413|0.095174,False,momentum_3m,0.28690642160872015,-0.042397421409,keep,30Y,correct_sign_and_beats_momentum_bar_on_aligned_target,fixed_code_sign_bug,"Fixed: a wider UST premium versus Bund/JGB is treated as relative-value demand for USTs, leaning yields lower.",0.10143209375526424,0.11529674708647504,-0.1049854579096364,-0.03087174338760357,0.206417551665,0.146168490474,21.634920634920636,"Targets use overlapping 63/126-day forward windows sampled daily; effective independent N is roughly n/horizon_days, so IC is a relative ranking metric rather than an absolute significance test."
factor,global_relative_value,6m,30Y,2726,0.11529674708647504,0.5396184886280264,,False,0.011154|0.072422|0.157064|0.128055|0.125083,True,momentum_3m,-0.03087174338760357,0.146168490474,keep,30Y,correct_sign_and_beats_momentum_bar_on_aligned_target,fixed_code_sign_bug,"Fixed: a wider UST premium versus Bund/JGB is treated as relative-value demand for USTs, leaning yields lower.",0.10143209375526424,0.11529674708647504,-0.1049854579096364,-0.03087174338760357,0.206417551665,0.146168490474,21.634920634920636,"Targets use overlapping 63/126-day forward windows sampled daily; effective independent N is roughly n/horizon_days, so IC is a relative ranking metric rather than an absolute significance test."
factor,global_relative_value,6m,5Y,2726,0.05144959649687607,0.5223771093176816,,False,0.001612|0.109248|0.262459|0.145982|0.023761,False,momentum_3m,0.08787808921251757,-0.036428492716,keep,30Y,correct_sign_and_beats_momentum_bar_on_aligned_target,fixed_code_sign_bug,"Fixed: a wider UST premium versus Bund/JGB is treated as relative-value demand for USTs, leaning yields lower.",0.10143209375526424,0.11529674708647504,-0.1049854579096364,-0.03087174338760357,0.206417551665,0.146168490474,21.634920634920636,"Targets use overlapping 63/126-day forward windows sampled daily; effective independent N is roughly n/horizon_days, so IC is a relative ranking metric rather than an absolute significance test."
factor,global_relative_value,6m,5s30s,2726,0.09836411417758414,0.5392516507703595,,False,0.009542|-0.036826|-0.105394|-0.017927|0.101321,False,momentum_3m,0.1570380665735517,-0.058673952396,keep,30Y,correct_sign_and_beats_momentum_bar_on_aligned_target,fixed_code_sign_bug,"Fixed: a wider UST premium versus Bund/JGB is treated as relative-value demand for USTs, leaning yields lower.",0.10143209375526424,0.11529674708647504,-0.1049854579096364,-0.03087174338760357,0.206417551665,0.146168490474,21.634920634920636,"Targets use overlapping 63/126-day forward windows sampled daily; effective independent N is roughly n/horizon_days, so IC is a relative ranking metric rather than an absolute significance test."
factor,growth_risk,3m,10Y,2789,0.20000135521061627,0.5801362495518106,,False,0.029086|-0.076738|-0.012585|0.014194|0.314427,False,momentum_3m,-0.05223218671697328,0.252233541928,keep,5Y,correct_sign_and_beats_momentum_bar_on_aligned_target,fixed_code_sign_bug,"Fixed: curve steepening/high 2s10s is used as growth-risk/easing stress, so it should map to lower front-end yield pressure rather than higher.",0.21106424210241229,0.16463304094280948,0.039941630024607294,0.08787808921251757,0.171122612078,0.07675495173,44.26984126984127,"Targets use overlapping 63/126-day forward windows sampled daily; effective independent N is roughly n/horizon_days, so IC is a relative ranking metric rather than an absolute significance test."
factor,growth_risk,3m,2Y,2789,0.28962136507155567,0.5977052707063464,,False,-0.037491|-0.116559|0.049641|0.087437|0.381290,True,momentum_3m,0.22166279060688232,0.067958574465,keep,5Y,correct_sign_and_beats_momentum_bar_on_aligned_target,fixed_code_sign_bug,"Fixed: curve steepening/high 2s10s is used as growth-risk/easing stress, so it should map to lower front-end yield pressure rather than higher.",0.21106424210241229,0.16463304094280948,0.039941630024607294,0.08787808921251757,0.171122612078,0.07675495173,44.26984126984127,"Targets use overlapping 63/126-day forward windows sampled daily; effective independent N is roughly n/horizon_days, so IC is a relative ranking metric rather than an absolute significance test."
factor,growth_risk,3m,2s10s,2789,0.2078896801974336,0.6202940121907494,,False,-0.066864|-0.073244|-0.062226|0.039821|0.066577,True,momentum_3m,0.14734450181419018,0.060545178383,keep,5Y,correct_sign_and_beats_momentum_bar_on_aligned_target,fixed_code_sign_bug,"Fixed: curve steepening/high 2s10s is used as growth-risk/easing stress, so it should map to lower front-end yield pressure rather than higher.",0.21106424210241229,0.16463304094280948,0.039941630024607294,0.08787808921251757,0.171122612078,0.07675495173,44.26984126984127,"Targets use overlapping 63/126-day forward windows sampled daily; effective independent N is roughly n/horizon_days, so IC is a relative ranking metric rather than an absolute significance test."
factor,growth_risk,3m,30Y,2789,0.19597612656493793,0.5367515238436715,,False,0.037419|-0.036595|-0.047792|0.009982|0.304964,False,momentum_3m,-0.1049854579096364,0.300961584475,keep,5Y,correct_sign_and_beats_momentum_bar_on_aligned_target,fixed_code_sign_bug,"Fixed: curve steepening/high 2s10s is used as growth-risk/easing stress, so it should map to lower front-end yield pressure rather than higher.",0.21106424210241229,0.16463304094280948,0.039941630024607294,0.08787808921251757,0.171122612078,0.07675495173,44.26984126984127,"Targets use overlapping 63/126-day forward windows sampled daily; effective independent N is roughly n/horizon_days, so IC is a relative ranking metric rather than an absolute significance test."
factor,growth_risk,3m,5Y,2789,0.21106424210241229,0.5934026532807458,,False,0.008244|-0.100932|0.028007|0.030806|0.317885,True,momentum_3m,0.039941630024607294,0.171122612078,keep,5Y,correct_sign_and_beats_momentum_bar_on_aligned_target,fixed_code_sign_bug,"Fixed: curve steepening/high 2s10s is used as growth-risk/easing stress, so it should map to lower front-end yield pressure rather than higher.",0.21106424210241229,0.16463304094280948,0.039941630024607294,0.08787808921251757,0.171122612078,0.07675495173,44.26984126984127,"Targets use overlapping 63/126-day forward windows sampled daily; effective independent N is roughly n/horizon_days, so IC is a relative ranking metric rather than an absolute significance test."
factor,growth_risk,3m,5s30s,2789,0.09570423112701089,0.5640014342058085,,False,-0.012921|-0.020824|-0.075799|0.064337|0.029176,False,momentum_3m,0.11314019752310214,-0.017435966396,keep,5Y,correct_sign_and_beats_momentum_bar_on_aligned_target,fixed_code_sign_bug,"Fixed: curve steepening/high 2s10s is used as growth-risk/easing stress, so it should map to lower front-end yield pressure rather than higher.",0.21106424210241229,0.16463304094280948,0.039941630024607294,0.08787808921251757,0.171122612078,0.07675495173,44.26984126984127,"Targets use overlapping 63/126-day forward windows sampled daily; effective independent N is roughly n/horizon_days, so IC is a relative ranking metric rather than an absolute significance test."
factor,growth_risk,6m,10Y,2726,0.16656188022043708,0.5774027879677183,,False,0.021300|0.004991|0.073982|0.086606|0.316642,False,momentum_3m,0.013872937055944971,0.152688943164,keep,5Y,correct_sign_and_beats_momentum_bar_on_aligned_target,fixed_code_sign_bug,"Fixed: curve steepening/high 2s10s is used as growth-risk/easing stress, so it should map to lower front-end yield pressure rather than higher.",0.21106424210241229,0.16463304094280948,0.039941630024607294,0.08787808921251757,0.171122612078,0.07675495173,21.634920634920636,"Targets use overlapping 63/126-day forward windows sampled daily; effective independent N is roughly n/horizon_days, so IC is a relative ranking metric rather than an absolute significance test."
factor,growth_risk,6m,2Y,2726,0.2680739437228588,0.5935436537050623,,False,-0.072271|-0.140917|0.219963|0.198073|0.501853,True,momentum_3m,0.24887392529705035,0.019200018426,keep,5Y,correct_sign_and_beats_momentum_bar_on_aligned_target,fixed_code_sign_bug,"Fixed: curve steepening/high 2s10s is used as growth-risk/easing stress, so it should map to lower front-end yield pressure rather than higher.",0.21106424210241229,0.16463304094280948,0.039941630024607294,0.08787808921251757,0.171122612078,0.07675495173,21.634920634920636,"Targets use overlapping 63/126-day forward windows sampled daily; effective independent N is roughly n/horizon_days, so IC is a relative ranking metric rather than an absolute significance test."
factor,growth_risk,6m,2s10s,2726,0.2939617926765226,0.6672780630961115,,False,-0.185183|-0.111560|-0.147303|0.148037|0.093339,True,momentum_3m,0.28690642160872015,0.007055371068,keep,5Y,correct_sign_and_beats_momentum_bar_on_aligned_target,fixed_code_sign_bug,"Fixed: curve steepening/high 2s10s is used as growth-risk/easing stress, so it should map to lower front-end yield pressure rather than higher.",0.21106424210241229,0.16463304094280948,0.039941630024607294,0.08787808921251757,0.171122612078,0.07675495173,21.634920634920636,"Targets use overlapping 63/126-day forward windows sampled daily; effective independent N is roughly n/horizon_days, so IC is a relative ranking metric rather than an absolute significance test."
factor,growth_risk,6m,30Y,2726,0.1555193042852085,0.5487894350696992,,False,0.044963|0.049927|0.023266|0.073945|0.301615,False,momentum_3m,-0.03087174338760357,0.186391047673,keep,5Y,correct_sign_and_beats_momentum_bar_on_aligned_target,fixed_code_sign_bug,"Fixed: curve steepening/high 2s10s is used as growth-risk/easing stress, so it should map to lower front-end yield pressure rather than higher.",0.21106424210241229,0.16463304094280948,0.039941630024607294,0.08787808921251757,0.171122612078,0.07675495173,21.634920634920636,"Targets use overlapping 63/126-day forward windows sampled daily; effective independent N is roughly n/horizon_days, so IC is a relative ranking metric rather than an absolute significance test."
factor,growth_risk,6m,5Y,2726,0.16463304094280948,0.5436537050623624,,False,-0.004121|-0.054367|0.154128|0.107009|0.340422,True,momentum_3m,0.08787808921251757,0.07675495173,keep,5Y,correct_sign_and_beats_momentum_bar_on_aligned_target,fixed_code_sign_bug,"Fixed: curve steepening/high 2s10s is used as growth-risk/easing stress, so it should map to lower front-end yield pressure rather than higher.",0.21106424210241229,0.16463304094280948,0.039941630024607294,0.08787808921251757,0.171122612078,0.07675495173,21.634920634920636,"Targets use overlapping 63/126-day forward windows sampled daily; effective independent N is roughly n/horizon_days, so IC is a relative ranking metric rather than an absolute significance test."
factor,growth_risk,6m,5s30s,2726,0.14729094235417262,0.5719002201027146,,False,-0.038645|-0.034037|-0.131431|0.106477|0.048440,False,momentum_3m,0.1570380665735517,-0.009747124219,keep,5Y,correct_sign_and_beats_momentum_bar_on_aligned_target,fixed_code_sign_bug,"Fixed: curve steepening/high 2s10s is used as growth-risk/easing stress, so it should map to lower front-end yield pressure rather than higher.",0.21106424210241229,0.16463304094280948,0.039941630024607294,0.08787808921251757,0.171122612078,0.07675495173,21.634920634920636,"Targets use overlapping 63/126-day forward windows sampled daily; effective independent N is roughly n/horizon_days, so IC is a relative ranking metric rather than an absolute significance test."
factor,liquidity_supply,3m,10Y,2789,-0.09739510046936686,0.5683040516314091,,False,-0.052957|0.199677|0.101921|0.119247|-0.099301,True,momentum_3m,-0.05223218671697328,-0.045162913752,sign_mismatch,10Y,wrong_sign_on_aligned_target_no_posthoc_flip,no_code_sign_bug,No flip: tighter Fed liquidity or auction stress is intentionally positive long-end yield pressure.,-0.09739510046936686,-0.13635889984013325,-0.05223218671697328,0.013872937055944971,-0.045162913752,-0.150231836896,44.26984126984127,"Targets use overlapping 63/126-day forward windows sampled daily; effective independent N is roughly n/horizon_days, so IC is a relative ranking metric rather than an absolute significance test."
factor,liquidity_supply,3m,2Y,2789,-0.04703664980194943,0.5589817138759412,,False,-0.033297|0.182706|0.132280|0.127796|-0.045018,False,momentum_3m,0.22166279060688232,-0.268699440409,sign_mismatch,10Y,wrong_sign_on_aligned_target_no_posthoc_flip,no_code_sign_bug,No flip: tighter Fed liquidity or auction stress is intentionally positive long-end yield pressure.,-0.09739510046936686,-0.13635889984013325,-0.05223218671697328,0.013872937055944971,-0.045162913752,-0.150231836896,44.26984126984127,"Targets use overlapping 63/126-day forward windows sampled daily; effective independent N is roughly n/horizon_days, so IC is a relative ranking metric rather than an absolute significance test."
factor,liquidity_supply,3m,2s10s,2789,-0.06680634878564849,0.46181427034779493,,False,-0.019659|0.016971|-0.030359|-0.008548|-0.054283,False,momentum_3m,0.14734450181419018,-0.2141508506,sign_mismatch,10Y,wrong_sign_on_aligned_target_no_posthoc_flip,no_code_sign_bug,No flip: tighter Fed liquidity or auction stress is intentionally positive long-end yield pressure.,-0.09739510046936686,-0.13635889984013325,-0.05223218671697328,0.013872937055944971,-0.045162913752,-0.150231836896,44.26984126984127,"Targets use overlapping 63/126-day forward windows sampled daily; effective independent N is roughly n/horizon_days, so IC is a relative ranking metric rather than an absolute significance test."
factor,liquidity_supply,3m,30Y,2789,-0.07058679715353168,0.5611330225887415,,False,-0.062688|0.178333|0.112675|0.113799|-0.073853,True,momentum_3m,-0.1049854579096364,0.034398660756,sign_mismatch,10Y,wrong_sign_on_aligned_target_no_posthoc_flip,no_code_sign_bug,No flip: tighter Fed liquidity or auction stress is intentionally positive long-end yield pressure.,-0.09739510046936686,-0.13635889984013325,-0.05223218671697328,0.013872937055944971,-0.045162913752,-0.150231836896,44.26984126984127,"Targets use overlapping 63/126-day forward windows sampled daily; effective independent N is roughly n/horizon_days, so IC is a relative ranking metric rather than an absolute significance test."
factor,liquidity_supply,3m,5Y,2789,-0.0992909445725512,0.5647185371100752,,False,-0.033387|0.199875|0.093196|0.115717|-0.091272,False,momentum_3m,0.039941630024607294,-0.139232574597,sign_mismatch,10Y,wrong_sign_on_aligned_target_no_posthoc_flip,no_code_sign_bug,No flip: tighter Fed liquidity or auction stress is intentionally positive long-end yield pressure.,-0.09739510046936686,-0.13635889984013325,-0.05223218671697328,0.013872937055944971,-0.045162913752,-0.150231836896,44.26984126984127,"Targets use overlapping 63/126-day forward windows sampled daily; effective independent N is roughly n/horizon_days, so IC is a relative ranking metric rather than an absolute significance test."
factor,liquidity_supply,3m,5s30s,2789,0.051673251752428914,0.5037647902474005,,False,-0.029301|-0.021541|0.019479|-0.001918|0.017419,False,momentum_3m,0.11314019752310214,-0.061466945771,sign_mismatch,10Y,wrong_sign_on_aligned_target_no_posthoc_flip,no_code_sign_bug,No flip: tighter Fed liquidity or auction stress is intentionally positive long-end yield pressure.,-0.09739510046936686,-0.13635889984013325,-0.05223218671697328,0.013872937055944971,-0.045162913752,-0.150231836896,44.26984126984127,"Targets use overlapping 63/126-day forward windows sampled daily; effective independent N is roughly n/horizon_days, so IC is a relative ranking metric rather than an absolute significance test."
factor,liquidity_supply,6m,10Y,2726,-0.13635889984013325,0.5337490829053558,,False,0.015440|0.238000|0.286587|0.204257|-0.240752,True,momentum_3m,0.013872937055944971,-0.150231836896,sign_mismatch,10Y,wrong_sign_on_aligned_target_no_posthoc_flip,no_code_sign_bug,No flip: tighter Fed liquidity or auction stress is intentionally positive long-end yield pressure.,-0.09739510046936686,-0.13635889984013325,-0.05223218671697328,0.013872937055944971,-0.045162913752,-0.150231836896,21.634920634920636,"Targets use overlapping 63/126-day forward windows sampled daily; effective independent N is roughly n/horizon_days, so IC is a relative ranking metric rather than an absolute significance test."
factor,liquidity_supply,6m,2Y,2726,-0.00882637367581416,0.5564930300807043,,False,0.009121|0.216110|0.357009|0.260110|-0.135798,False,momentum_3m,0.24887392529705035,-0.257700298973,sign_mismatch,10Y,wrong_sign_on_aligned_target_no_posthoc_flip,no_code_sign_bug,No flip: tighter Fed liquidity or auction stress is intentionally positive long-end yield pressure.,-0.09739510046936686,-0.13635889984013325,-0.05223218671697328,0.013872937055944971,-0.045162913752,-0.150231836896,21.634920634920636,"Targets use overlapping 63/126-day forward windows sampled daily; effective independent N is roughly n/horizon_days, so IC is a relative ranking metric rather than an absolute significance test."
factor,liquidity_supply,6m,2s10s,2726,-0.16195747136768718,0.4178283198826119,,False,0.006319|0.021890|-0.070422|-0.055853|-0.104954,False,momentum_3m,0.28690642160872015,-0.448863892976,sign_mismatch,10Y,wrong_sign_on_aligned_target_no_posthoc_flip,no_code_sign_bug,No flip: tighter Fed liquidity or auction stress is intentionally positive long-end yield pressure.,-0.09739510046936686,-0.13635889984013325,-0.05223218671697328,0.013872937055944971,-0.045162913752,-0.150231836896,21.634920634920636,"Targets use overlapping 63/126-day forward windows sampled daily; effective independent N is roughly n/horizon_days, so IC is a relative ranking metric rather than an absolute significance test."
factor,liquidity_supply,6m,30Y,2726,-0.12350145318239246,0.5796038151137197,,False,-0.010879|0.243523|0.275413|0.174532|-0.188771,True,momentum_3m,-0.03087174338760357,-0.092629709795,sign_mismatch,10Y,wrong_sign_on_aligned_target_no_posthoc_flip,no_code_sign_bug,No flip: tighter Fed liquidity or auction stress is intentionally positive long-end yield pressure.,-0.09739510046936686,-0.13635889984013325,-0.05223218671697328,0.013872937055944971,-0.045162913752,-0.150231836896,21.634920634920636,"Targets use overlapping 63/126-day forward windows sampled daily; effective independent N is roughly n/horizon_days, so IC is a relative ranking metric rather than an absolute significance test."
factor,liquidity_supply,6m,5Y,2726,-0.11558841165656356,0.5110051357300074,,False,0.039744|0.223615|0.293211|0.209119|-0.222697,False,momentum_3m,0.08787808921251757,-0.203466500869,sign_mismatch,10Y,wrong_sign_on_aligned_target_no_posthoc_flip,no_code_sign_bug,No flip: tighter Fed liquidity or auction stress is intentionally positive long-end yield pressure.,-0.09739510046936686,-0.13635889984013325,-0.05223218671697328,0.013872937055944971,-0.045162913752,-0.150231836896,21.634920634920636,"Targets use overlapping 63/126-day forward windows sampled daily; effective independent N is roughly n/horizon_days, so IC is a relative ranking metric rather than an absolute significance test."
factor,liquidity_supply,6m,5s30s,2726,-0.02572813140539444,0.4757887013939839,,False,-0.050623|0.019908|-0.017798|-0.034587|0.033927,False,momentum_3m,0.1570380665735517,-0.182766197979,sign_mismatch,10Y,wrong_sign_on_aligned_target_no_posthoc_flip,no_code_sign_bug,No flip: tighter Fed liquidity or auction stress is intentionally positive long-end yield pressure.,-0.09739510046936686,-0.13635889984013325,-0.05223218671697328,0.013872937055944971,-0.045162913752,-0.150231836896,21.634920634920636,"Targets use overlapping 63/126-day forward windows sampled daily; effective independent N is roughly n/horizon_days, so IC is a relative ranking metric rather than an absolute significance test."
factor,macro_surprise,3m,10Y,2789,-0.041922962632977956,0.4471136608103263,,False,0.017921|0.081577|0.155350|-0.006935|0.020771,True,momentum_3m,-0.05223218671697328,0.010309224084,mixed,10Y,aligned_target_ic_not_consistent_across_3m_6m,not_required,,-0.041922962632977956,-0.07500412685605917,-0.05223218671697328,0.013872937055944971,0.010309224084,-0.088877063912,44.26984126984127,"Targets use overlapping 63/126-day forward windows sampled daily; effective independent N is roughly n/horizon_days, so IC is a relative ranking metric rather than an absolute significance test."
factor,macro_surprise,3m,2Y,2789,-0.023205619473675422,0.4653997848691287,,False,0.035663|0.083297|0.194022|-0.046308|0.097903,True,momentum_3m,0.22166279060688232,-0.244868410081,mixed,10Y,aligned_target_ic_not_consistent_across_3m_6m,not_required,,-0.041922962632977956,-0.07500412685605917,-0.05223218671697328,0.013872937055944971,0.010309224084,-0.088877063912,44.26984126984127,"Targets use overlapping 63/126-day forward windows sampled daily; effective independent N is roughly n/horizon_days, so IC is a relative ranking metric rather than an absolute significance test."
factor,macro_surprise,3m,2s10s,2789,0.040263386815243385,0.47041950519899606,,False,-0.076559|0.038029|-0.038869|-0.000860|-0.017634,False,momentum_3m,0.14734450181419018,-0.107081114999,mixed,10Y,aligned_target_ic_not_consistent_across_3m_6m,not_required,,-0.041922962632977956,-0.07500412685605917,-0.05223218671697328,0.013872937055944971,0.010309224084,-0.088877063912,44.26984126984127,"Targets use overlapping 63/126-day forward windows sampled daily; effective independent N is roughly n/horizon_days, so IC is a relative ranking metric rather than an absolute significance test."
factor,macro_surprise,3m,30Y,2789,-0.027706422964382735,0.4682681964861958,,False,0.019910|0.082581|0.139479|0.006111|0.020233,False,momentum_3m,-0.1049854579096364,0.077279034945,mixed,10Y,aligned_target_ic_not_consistent_across_3m_6m,not_required,,-0.041922962632977956,-0.07500412685605917,-0.05223218671697328,0.013872937055944971,0.010309224084,-0.088877063912,44.26984126984127,"Targets use overlapping 63/126-day forward windows sampled daily; effective independent N is roughly n/horizon_days, so IC is a relative ranking metric rather than an absolute significance test."
factor,macro_surprise,3m,5Y,2789,-0.03267487250671485,0.43779132305485835,,False,0.005341|0.087563|0.169479|-0.021183|0.043065,True,momentum_3m,0.039941630024607294,-0.072616502531,mixed,10Y,aligned_target_ic_not_consistent_across_3m_6m,not_required,,-0.041922962632977956,-0.07500412685605917,-0.05223218671697328,0.013872937055944971,0.010309224084,-0.088877063912,44.26984126984127,"Targets use overlapping 63/126-day forward windows sampled daily; effective independent N is roughly n/horizon_days, so IC is a relative ranking metric rather than an absolute significance test."
factor,macro_surprise,3m,5s30s,2789,0.02600578590730052,0.4729293653639297,,False,-0.021505|0.025591|-0.030808|-0.003835|0.014606,False,momentum_3m,0.11314019752310214,-0.087134411616,mixed,10Y,aligned_target_ic_not_consistent_across_3m_6m,not_required,,-0.041922962632977956,-0.07500412685605917,-0.05223218671697328,0.013872937055944971,0.010309224084,-0.088877063912,44.26984126984127,"Targets use overlapping 63/126-day forward windows sampled daily; effective independent N is roughly n/horizon_days, so IC is a relative ranking metric rather than an absolute significance test."
factor,macro_surprise,6m,10Y,2726,-0.07500412685605917,0.4600146735143067,,False,0.219359|0.109725|0.058349|0.034385|0.081339,True,momentum_3m,0.013872937055944971,-0.088877063912,mixed,10Y,aligned_target_ic_not_consistent_across_3m_6m,not_required,,-0.041922962632977956,-0.07500412685605917,-0.05223218671697328,0.013872937055944971,0.010309224084,-0.088877063912,21.634920634920636,"Targets use overlapping 63/126-day forward windows sampled daily; effective independent N is roughly n/horizon_days, so IC is a relative ranking metric rather than an absolute significance test."
factor,macro_surprise,6m,2Y,2726,-0.048090566634837635,0.4471753484959648,,False,0.255476|0.127872|0.172312|0.012422|0.138018,True,momentum_3m,0.24887392529705035,-0.296964491932,mixed,10Y,aligned_target_ic_not_consistent_across_3m_6m,not_required,,-0.041922962632977956,-0.07500412685605917,-0.05223218671697328,0.013872937055944971,0.010309224084,-0.088877063912,21.634920634920636,"Targets use overlapping 63/126-day forward windows sampled daily; effective independent N is roughly n/horizon_days, so IC is a relative ranking metric rather than an absolute significance test."
factor,macro_surprise,6m,2s10s,2726,0.005539248280673693,0.46551724137931033,,False,-0.055147|0.017743|-0.112422|-0.014991|-0.038092,False,momentum_3m,0.28690642160872015,-0.281367173328,mixed,10Y,aligned_target_ic_not_consistent_across_3m_6m,not_required,,-0.041922962632977956,-0.07500412685605917,-0.05223218671697328,0.013872937055944971,0.010309224084,-0.088877063912,21.634920634920636,"Targets use overlapping 63/126-day forward windows sampled daily; effective independent N is roughly n/horizon_days, so IC is a relative ranking metric rather than an absolute significance test."
factor,macro_surprise,6m,30Y,2726,-0.07975927622228543,0.46515040352164344,,False,0.185989|0.101339|0.080495|0.057266|0.068367,False,momentum_3m,-0.03087174338760357,-0.048887532835,mixed,10Y,aligned_target_ic_not_consistent_across_3m_6m,not_required,,-0.041922962632977956,-0.07500412685605917,-0.05223218671697328,0.013872937055944971,0.010309224084,-0.088877063912,21.634920634920636,"Targets use overlapping 63/126-day forward windows sampled daily; effective independent N is roughly n/horizon_days, so IC is a relative ranking metric rather than an absolute significance test."
factor,macro_surprise,6m,5Y,2726,-0.06283376417000441,0.48092443140132063,,False,0.221520|0.119229|0.091927|0.027156|0.082826,True,momentum_3m,0.08787808921251757,-0.150711853383,mixed,10Y,aligned_target_ic_not_consistent_across_3m_6m,not_required,,-0.041922962632977956,-0.07500412685605917,-0.05223218671697328,0.013872937055944971,0.010309224084,-0.088877063912,21.634920634920636,"Targets use overlapping 63/126-day forward windows sampled daily; effective independent N is roughly n/horizon_days, so IC is a relative ranking metric rather than an absolute significance test."
factor,macro_surprise,6m,5s30s,2726,-0.020210510702644405,0.47358767424798237,,False,-0.014725|0.027450|-0.009413|-0.014624|-0.037927,False,momentum_3m,0.1570380665735517,-0.177248577276,mixed,10Y,aligned_target_ic_not_consistent_across_3m_6m,not_required,,-0.041922962632977956,-0.07500412685605917,-0.05223218671697328,0.013872937055944971,0.010309224084,-0.088877063912,21.634920634920636,"Targets use overlapping 63/126-day forward windows sampled daily; effective independent N is roughly n/horizon_days, so IC is a relative ranking metric rather than an absolute significance test."
factor,ns_level,3m,10Y,2789,-0.04661120958298734,0.4542846898529939,,False,0.107849|0.066720|0.113609|-0.011308|-0.008262,True,momentum_3m,-0.05223218671697328,0.005620977134,mixed,30Y,aligned_target_ic_not_consistent_across_3m_6m,not_required,,-0.06115799352581588,7.805483377030499e-05,-0.1049854579096364,-0.03087174338760357,0.043827464384,0.030949798221,44.26984126984127,"Targets use overlapping 63/126-day forward windows sampled daily; effective independent N is roughly n/horizon_days, so IC is a relative ranking metric rather than an absolute significance test."
factor,ns_level,3m,2Y,2789,-0.12526656264503358,0.43205449982072425,,False,0.208047|0.093387|0.167289|-0.041219|-0.062975,False,momentum_3m,0.22166279060688232,-0.346929353252,mixed,30Y,aligned_target_ic_not_consistent_across_3m_6m,not_required,,-0.06115799352581588,7.805483377030499e-05,-0.1049854579096364,-0.03087174338760357,0.043827464384,0.030949798221,44.26984126984127,"Targets use overlapping 63/126-day forward windows sampled daily; effective independent N is roughly n/horizon_days, so IC is a relative ranking metric rather than an absolute significance test."
factor,ns_level,3m,2s10s,2789,,0.00932233775546791,,False,,False,momentum_3m,0.14734450181419018,,mixed,30Y,aligned_target_ic_not_consistent_across_3m_6m,not_required,,-0.06115799352581588,7.805483377030499e-05,-0.1049854579096364,-0.03087174338760357,0.043827464384,0.030949798221,44.26984126984127,"Targets use overlapping 63/126-day forward windows sampled daily; effective independent N is roughly n/horizon_days, so IC is a relative ranking metric rather than an absolute significance test."
factor,ns_level,3m,30Y,2789,-0.06115799352581588,0.4671925421297956,,False,0.130771|0.062437|0.069425|-0.005538|0.011093,True,momentum_3m,-0.1049854579096364,0.043827464384,mixed,30Y,aligned_target_ic_not_consistent_across_3m_6m,not_required,,-0.06115799352581588,7.805483377030499e-05,-0.1049854579096364,-0.03087174338760357,0.043827464384,0.030949798221,44.26984126984127,"Targets use overlapping 63/126-day forward windows sampled daily; effective independent N is roughly n/horizon_days, so IC is a relative ranking metric rather than an absolute significance test."
factor,ns_level,3m,5Y,2789,-0.05402115461161825,0.444962352097526,,False,0.118172|0.067491|0.145422|-0.026308|-0.020556,False,momentum_3m,0.039941630024607294,-0.093962784636,mixed,30Y,aligned_target_ic_not_consistent_across_3m_6m,not_required,,-0.06115799352581588,7.805483377030499e-05,-0.1049854579096364,-0.03087174338760357,0.043827464384,0.030949798221,44.26984126984127,"Targets use overlapping 63/126-day forward windows sampled daily; effective independent N is roughly n/horizon_days, so IC is a relative ranking metric rather than an absolute significance test."
factor,ns_level,3m,5s30s,2789,,0.008605234851201148,,False,,False,momentum_3m,0.11314019752310214,,mixed,30Y,aligned_target_ic_not_consistent_across_3m_6m,not_required,,-0.06115799352581588,7.805483377030499e-05,-0.1049854579096364,-0.03087174338760357,0.043827464384,0.030949798221,44.26984126984127,"Targets use overlapping 63/126-day forward windows sampled daily; effective independent N is roughly n/horizon_days, so IC is a relative ranking metric rather than an absolute significance test."
factor,ns_level,6m,10Y,2726,0.007775961366875356,0.458547322083639,,False,-0.047729|0.181248|0.258239|0.156624|-0.044734,True,momentum_3m,0.013872937055944971,-0.006096975689,mixed,30Y,aligned_target_ic_not_consistent_across_3m_6m,not_required,,-0.06115799352581588,7.805483377030499e-05,-0.1049854579096364,-0.03087174338760357,0.043827464384,0.030949798221,21.634920634920636,"Targets use overlapping 63/126-day forward windows sampled daily; effective independent N is roughly n/horizon_days, so IC is a relative ranking metric rather than an absolute significance test."
factor,ns_level,6m,2Y,2726,-0.10087987411936516,0.41232575201760824,,False,0.174011|0.214569|0.356037|0.065908|-0.104275,False,momentum_3m,0.24887392529705035,-0.349753799416,mixed,30Y,aligned_target_ic_not_consistent_across_3m_6m,not_required,,-0.06115799352581588,7.805483377030499e-05,-0.1049854579096364,-0.03087174338760357,0.043827464384,0.030949798221,21.634920634920636,"Targets use overlapping 63/126-day forward windows sampled daily; effective independent N is roughly n/horizon_days, so IC is a relative ranking metric rather than an absolute significance test."
factor,ns_level,6m,2s10s,2726,,0.004768892149669846,,False,,False,momentum_3m,0.28690642160872015,,mixed,30Y,aligned_target_ic_not_consistent_across_3m_6m,not_required,,-0.06115799352581588,7.805483377030499e-05,-0.1049854579096364,-0.03087174338760357,0.043827464384,0.030949798221,21.634920634920636,"Targets use overlapping 63/126-day forward windows sampled daily; effective independent N is roughly n/horizon_days, so IC is a relative ranking metric rather than an absolute significance test."
factor,ns_level,6m,30Y,2726,7.805483377030499e-05,0.4739545121056493,,False,0.009377|0.154862|0.186037|0.147028|-0.003523,True,momentum_3m,-0.03087174338760357,0.030949798221,mixed,30Y,aligned_target_ic_not_consistent_across_3m_6m,not_required,,-0.06115799352581588,7.805483377030499e-05,-0.1049854579096364,-0.03087174338760357,0.043827464384,0.030949798221,21.634920634920636,"Targets use overlapping 63/126-day forward windows sampled daily; effective independent N is roughly n/horizon_days, so IC is a relative ranking metric rather than an absolute significance test."
factor,ns_level,6m,5Y,2726,-0.0003078743483197785,0.4827586206896552,,False,-0.027308|0.183853|0.317615|0.133486|-0.064532,False,momentum_3m,0.08787808921251757,-0.088185963561,mixed,30Y,aligned_target_ic_not_consistent_across_3m_6m,not_required,,-0.06115799352581588,7.805483377030499e-05,-0.1049854579096364,-0.03087174338760357,0.043827464384,0.030949798221,21.634920634920636,"Targets use overlapping 63/126-day forward windows sampled daily; effective independent N is roughly n/horizon_days, so IC is a relative ranking metric rather than an absolute significance test."
factor,ns_level,6m,5s30s,2726,,0.003301540719002201,,False,,False,momentum_3m,0.1570380665735517,,mixed,30Y,aligned_target_ic_not_consistent_across_3m_6m,not_required,,-0.06115799352581588,7.805483377030499e-05,-0.1049854579096364,-0.03087174338760357,0.043827464384,0.030949798221,21.634920634920636,"Targets use overlapping 63/126-day forward windows sampled daily; effective independent N is roughly n/horizon_days, so IC is a relative ranking metric rather than an absolute significance test."
factor,ns_slope,3m,10Y,2789,-0.005391139981708136,0.5188239512370025,,False,0.019928|0.024283|0.104237|0.057025|0.063118,False,momentum_3m,-0.05223218671697328,0.046841046735,mixed,5s30s,aligned_target_ic_not_consistent_across_3m_6m,not_required,,0.051147606206188065,0.04604149788767595,0.11314019752310214,0.1570380665735517,-0.061992591317,-0.110996568686,44.26984126984127,"Targets use overlapping 63/126-day forward windows sampled daily; effective independent N is roughly n/horizon_days, so IC is a relative ranking metric rather than an absolute significance test."
factor,ns_slope,3m,2Y,2789,0.04286991115807383,0.5234851201147365,,False,0.098262|0.086416|0.100952|0.027348|0.051434,True,momentum_3m,0.22166279060688232,-0.178792879449,mixed,5s30s,aligned_target_ic_not_consistent_across_3m_6m,not_required,,0.051147606206188065,0.04604149788767595,0.11314019752310214,0.1570380665735517,-0.061992591317,-0.110996568686,44.26984126984127,"Targets use overlapping 63/126-day forward windows sampled daily; effective independent N is roughly n/horizon_days, so IC is a relative ranking metric rather than an absolute significance test."
factor,ns_slope,3m,2s10s,2789,-0.02828049720640658,0.47615632843313016,,False,-0.031505|-0.003065|0.003285|-0.029391|-0.035143,True,momentum_3m,0.14734450181419018,-0.175624999021,mixed,5s30s,aligned_target_ic_not_consistent_across_3m_6m,not_required,,0.051147606206188065,0.04604149788767595,0.11314019752310214,0.1570380665735517,-0.061992591317,-0.110996568686,44.26984126984127,"Targets use overlapping 63/126-day forward windows sampled daily; effective independent N is roughly n/horizon_days, so IC is a relative ranking metric rather than an absolute significance test."
factor,ns_slope,3m,30Y,2789,0.01671011731317074,0.5256364288275368,,False,0.013781|0.024427|0.093106|0.059014|0.077903,False,momentum_3m,-0.1049854579096364,0.121695575223,mixed,5s30s,aligned_target_ic_not_consistent_across_3m_6m,not_required,,0.051147606206188065,0.04604149788767595,0.11314019752310214,0.1570380665735517,-0.061992591317,-0.110996568686,44.26984126984127,"Targets use overlapping 63/126-day forward windows sampled daily; effective independent N is roughly n/horizon_days, so IC is a relative ranking metric rather than an absolute significance test."
factor,ns_slope,3m,5Y,2789,0.029958711153095334,0.48583721764073146,,False,0.068889|0.050573|0.096715|0.023566|0.044391,False,momentum_3m,0.039941630024607294,-0.009982918872,mixed,5s30s,aligned_target_ic_not_consistent_across_3m_6m,not_required,,0.051147606206188065,0.04604149788767595,0.11314019752310214,0.1570380665735517,-0.061992591317,-0.110996568686,44.26984126984127,"Targets use overlapping 63/126-day forward windows sampled daily; effective independent N is roughly n/horizon_days, so IC is a relative ranking metric rather than an absolute significance test."
factor,ns_slope,3m,5s30s,2789,0.051147606206188065,0.5320903549659376,,False,-0.030609|0.000860|-0.003609|0.008441|0.009014,True,momentum_3m,0.11314019752310214,-0.061992591317,mixed,5s30s,aligned_target_ic_not_consistent_across_3m_6m,not_required,,0.051147606206188065,0.04604149788767595,0.11314019752310214,0.1570380665735517,-0.061992591317,-0.110996568686,44.26984126984127,"Targets use overlapping 63/126-day forward windows sampled daily; effective independent N is roughly n/horizon_days, so IC is a relative ranking metric rather than an absolute significance test."
factor,ns_slope,6m,10Y,2726,-0.04835716775491689,0.524578136463683,,False,0.069744|0.140385|0.191413|0.174532|-0.072642,False,momentum_3m,0.013872937055944971,-0.062230104811,mixed,5s30s,aligned_target_ic_not_consistent_across_3m_6m,not_required,,0.051147606206188065,0.04604149788767595,0.11314019752310214,0.1570380665735517,-0.061992591317,-0.110996568686,21.634920634920636,"Targets use overlapping 63/126-day forward windows sampled daily; effective independent N is roughly n/horizon_days, so IC is a relative ranking metric rather than an absolute significance test."
factor,ns_slope,6m,2Y,2726,0.053256342851290085,0.4944974321349963,,False,0.058132|0.103560|0.200477|0.167174|0.177119,True,momentum_3m,0.24887392529705035,-0.195617582446,mixed,5s30s,aligned_target_ic_not_consistent_across_3m_6m,not_required,,0.051147606206188065,0.04604149788767595,0.11314019752310214,0.1570380665735517,-0.061992591317,-0.110996568686,21.634920634920636,"Targets use overlapping 63/126-day forward windows sampled daily; effective independent N is roughly n/horizon_days, so IC is a relative ranking metric rather than an absolute significance test."
factor,ns_slope,6m,2s10s,2726,-0.01504372349871653,0.4801907556859868,,False,-0.108150|-0.025284|-0.009835|0.072330|-0.131872,True,momentum_3m,0.28690642160872015,-0.301950145107,mixed,5s30s,aligned_target_ic_not_consistent_across_3m_6m,not_required,,0.051147606206188065,0.04604149788767595,0.11314019752310214,0.1570380665735517,-0.061992591317,-0.110996568686,21.634920634920636,"Targets use overlapping 63/126-day forward windows sampled daily; effective independent N is roughly n/horizon_days, so IC is a relative ranking metric rather than an absolute significance test."
factor,ns_slope,6m,30Y,2726,-0.039016870297958466,0.5146735143066764,,False,0.055531|0.144514|0.161413|0.182532|-0.050294,False,momentum_3m,-0.03087174338760357,-0.00814512691,mixed,5s30s,aligned_target_ic_not_consistent_across_3m_6m,not_required,,0.051147606206188065,0.04604149788767595,0.11314019752310214,0.1570380665735517,-0.061992591317,-0.110996568686,21.634920634920636,"Targets use overlapping 63/126-day forward windows sampled daily; effective independent N is roughly n/horizon_days, so IC is a relative ranking metric rather than an absolute significance test."
factor,ns_slope,6m,5Y,2726,0.06833100085806391,0.5011005135730008,,False,-0.051630|0.126477|0.188844|0.153505|0.125963,False,momentum_3m,0.08787808921251757,-0.019547088354,mixed,5s30s,aligned_target_ic_not_consistent_across_3m_6m,not_required,,0.051147606206188065,0.04604149788767595,0.11314019752310214,0.1570380665735517,-0.061992591317,-0.110996568686,21.634920634920636,"Targets use overlapping 63/126-day forward windows sampled daily; effective independent N is roughly n/horizon_days, so IC is a relative ranking metric rather than an absolute significance test."
factor,ns_slope,6m,5s30s,2726,0.04604149788767595,0.5,,False,-0.071062|-0.007376|-0.028550|0.057303|0.000550,True,momentum_3m,0.1570380665735517,-0.110996568686,mixed,5s30s,aligned_target_ic_not_consistent_across_3m_6m,not_required,,0.051147606206188065,0.04604149788767595,0.11314019752310214,0.1570380665735517,-0.061992591317,-0.110996568686,21.634920634920636,"Targets use overlapping 63/126-day forward windows sampled daily; effective independent N is roughly n/horizon_days, so IC is a relative ranking metric rather than an absolute significance test."
factor,policy_path,3m,10Y,2789,0.04013730148765021,0.5005378271782001,,False,0.046416|0.049391|0.027253|-0.035860|0.181254,False,momentum_3m,-0.05223218671697328,0.092369488205,keep,2s10s,correct_sign_and_beats_momentum_bar_on_aligned_target,not_required,,0.26155752971918766,0.31944370598616084,0.14734450181419018,0.28690642160872015,0.114213027905,0.032537284377,44.26984126984127,"Targets use overlapping 63/126-day forward windows sampled daily; effective independent N is roughly n/horizon_days, so IC is a relative ranking metric rather than an absolute significance test."
factor,policy_path,3m,2Y,2789,0.20252438348390672,0.5507350304768734,,False,-0.019211|0.020161|0.053232|0.016846|0.293297,True,momentum_3m,0.22166279060688232,-0.019138407123,keep,2s10s,correct_sign_and_beats_momentum_bar_on_aligned_target,not_required,,0.26155752971918766,0.31944370598616084,0.14734450181419018,0.28690642160872015,0.114213027905,0.032537284377,44.26984126984127,"Targets use overlapping 63/126-day forward windows sampled daily; effective independent N is roughly n/horizon_days, so IC is a relative ranking metric rather than an absolute significance test."
factor,policy_path,3m,2s10s,2789,0.26155752971918766,0.5984223736106131,,True,-0.112043|-0.052706|-0.025996|0.029247|0.065627,True,momentum_3m,0.14734450181419018,0.114213027905,keep,2s10s,correct_sign_and_beats_momentum_bar_on_aligned_target,not_required,,0.26155752971918766,0.31944370598616084,0.14734450181419018,0.28690642160872015,0.114213027905,0.032537284377,44.26984126984127,"Targets use overlapping 63/126-day forward windows sampled daily; effective independent N is roughly n/horizon_days, so IC is a relative ranking metric rather than an absolute significance test."
factor,policy_path,3m,30Y,2789,0.05477107509079718,0.48798852635353174,,False,0.056720|0.032599|0.014327|-0.010430|0.174875,False,momentum_3m,-0.1049854579096364,0.159756533,keep,2s10s,correct_sign_and_beats_momentum_bar_on_aligned_target,not_required,,0.26155752971918766,0.31944370598616084,0.14734450181419018,0.28690642160872015,0.114213027905,0.032537284377,44.26984126984127,"Targets use overlapping 63/126-day forward windows sampled daily; effective independent N is roughly n/horizon_days, so IC is a relative ranking metric rather than an absolute significance test."
factor,policy_path,3m,5Y,2789,0.06425810077743523,0.5030476873431338,,False,0.033477|0.051918|0.046517|-0.034552|0.186685,False,momentum_3m,0.039941630024607294,0.024316470753,keep,2s10s,correct_sign_and_beats_momentum_bar_on_aligned_target,not_required,,0.26155752971918766,0.31944370598616084,0.14734450181419018,0.28690642160872015,0.114213027905,0.032537284377,44.26984126984127,"Targets use overlapping 63/126-day forward windows sampled daily; effective independent N is roughly n/horizon_days, so IC is a relative ranking metric rather than an absolute significance test."
factor,policy_path,3m,5s30s,2789,0.021850847663635757,0.5091430620294012,,False,-0.011810|0.024122|-0.032172|-0.019337|0.023244,True,momentum_3m,0.11314019752310214,-0.091289349859,keep,2s10s,correct_sign_and_beats_momentum_bar_on_aligned_target,not_required,,0.26155752971918766,0.31944370598616084,0.14734450181419018,0.28690642160872015,0.114213027905,0.032537284377,44.26984126984127,"Targets use overlapping 63/126-day forward windows sampled daily; effective independent N is roughly n/horizon_days, so IC is a relative ranking metric rather than an absolute significance test."
factor,policy_path,6m,10Y,2726,0.08672012433977568,0.5047688921496698,,False,-0.004084|0.119450|0.094037|-0.000716|0.294881,False,momentum_3m,0.013872937055944971,0.072847187284,keep,2s10s,correct_sign_and_beats_momentum_bar_on_aligned_target,not_required,,0.26155752971918766,0.31944370598616084,0.14734450181419018,0.28690642160872015,0.114213027905,0.032537284377,21.634920634920636,"Targets use overlapping 63/126-day forward windows sampled daily; effective independent N is roughly n/horizon_days, so IC is a relative ranking metric rather than an absolute significance test."
factor,policy_path,6m,2Y,2726,0.20016786284287685,0.5322817314746882,,False,-0.160586|0.088991|0.158514|0.115156|0.504789,True,momentum_3m,0.24887392529705035,-0.048706062454,keep,2s10s,correct_sign_and_beats_momentum_bar_on_aligned_target,not_required,,0.26155752971918766,0.31944370598616084,0.14734450181419018,0.28690642160872015,0.114213027905,0.032537284377,21.634920634920636,"Targets use overlapping 63/126-day forward windows sampled daily; effective independent N is roughly n/horizon_days, so IC is a relative ranking metric rather than an absolute significance test."
factor,policy_path,6m,2s10s,2726,0.31944370598616084,0.6148202494497432,,True,-0.211081|-0.115927|-0.062734|0.029541|0.157578,True,momentum_3m,0.28690642160872015,0.032537284377,keep,2s10s,correct_sign_and_beats_momentum_bar_on_aligned_target,not_required,,0.26155752971918766,0.31944370598616084,0.14734450181419018,0.28690642160872015,0.114213027905,0.032537284377,21.634920634920636,"Targets use overlapping 63/126-day forward windows sampled daily; effective independent N is roughly n/horizon_days, so IC is a relative ranking metric rather than an absolute significance test."
factor,policy_path,6m,30Y,2726,0.11474362705051944,0.5359501100513573,,False,0.025037|0.068716|0.077872|0.030716|0.291413,False,momentum_3m,-0.03087174338760357,0.145615370438,keep,2s10s,correct_sign_and_beats_momentum_bar_on_aligned_target,not_required,,0.26155752971918766,0.31944370598616084,0.14734450181419018,0.28690642160872015,0.114213027905,0.032537284377,21.634920634920636,"Targets use overlapping 63/126-day forward windows sampled daily; effective independent N is roughly n/horizon_days, so IC is a relative ranking metric rather than an absolute significance test."
factor,policy_path,6m,5Y,2726,0.0809881838146349,0.47505502567865004,,False,-0.058077|0.147780|0.130440|0.012459|0.310569,False,momentum_3m,0.08787808921251757,-0.006889905398,keep,2s10s,correct_sign_and_beats_momentum_bar_on_aligned_target,not_required,,0.26155752971918766,0.31944370598616084,0.14734450181419018,0.28690642160872015,0.114213027905,0.032537284377,21.634920634920636,"Targets use overlapping 63/126-day forward windows sampled daily; effective independent N is roughly n/horizon_days, so IC is a relative ranking metric rather than an absolute significance test."
factor,policy_path,6m,5s30s,2726,0.07077608842911923,0.5319148936170213,,False,-0.020495|0.018587|-0.050844|-0.080055|0.083578,True,momentum_3m,0.1570380665735517,-0.086261978144,keep,2s10s,correct_sign_and_beats_momentum_bar_on_aligned_target,not_required,,0.26155752971918766,0.31944370598616084,0.14734450181419018,0.28690642160872015,0.114213027905,0.032537284377,21.634920634920636,"Targets use overlapping 63/126-day forward windows sampled daily; effective independent N is roughly n/horizon_days, so IC is a relative ranking metric rather than an absolute significance test."
factor,positioning_momentum,3m,10Y,2789,-0.07089324180562806,0.4693438508425959,,False,0.008136|0.067061|0.140592|0.098656|-0.045789,True,momentum_3m,-0.05223218671697328,-0.018661055089,below_benchmark,2Y,correct_sign_but_does_not_beat_momentum_bar_both_horizons,not_required,,0.08786748183019666,0.11644168151796065,0.22166279060688232,0.24887392529705035,-0.133795308777,-0.132432243779,44.26984126984127,"Targets use overlapping 63/126-day forward windows sampled daily; effective independent N is roughly n/horizon_days, so IC is a relative ranking metric rather than an absolute significance test."
factor,positioning_momentum,3m,2Y,2789,0.08786748183019666,0.5500179275726067,,False,-0.053638|0.062652|0.139767|0.141541|0.074158,True,momentum_3m,0.22166279060688232,-0.133795308777,below_benchmark,2Y,correct_sign_but_does_not_beat_momentum_bar_both_horizons,not_required,,0.08786748183019666,0.11644168151796065,0.22166279060688232,0.24887392529705035,-0.133795308777,-0.132432243779,44.26984126984127,"Targets use overlapping 63/126-day forward windows sampled daily; effective independent N is roughly n/horizon_days, so IC is a relative ranking metric rather than an absolute significance test."
factor,positioning_momentum,3m,2s10s,2789,-0.26284827571326486,0.39512370025098603,,False,0.061774|0.004409|0.000826|-0.042885|-0.119946,True,momentum_3m,0.14734450181419018,-0.410192777527,below_benchmark,2Y,correct_sign_but_does_not_beat_momentum_bar_both_horizons,not_required,,0.08786748183019666,0.11644168151796065,0.22166279060688232,0.24887392529705035,-0.133795308777,-0.132432243779,44.26984126984127,"Targets use overlapping 63/126-day forward windows sampled daily; effective independent N is roughly n/horizon_days, so IC is a relative ranking metric rather than an absolute significance test."
factor,positioning_momentum,3m,30Y,2789,-0.07249338811572069,0.46683399067766224,,False,0.026918|0.057330|0.127989|0.089032|-0.032975,True,momentum_3m,-0.1049854579096364,0.032492069794,below_benchmark,2Y,correct_sign_but_does_not_beat_momentum_bar_both_horizons,not_required,,0.08786748183019666,0.11644168151796065,0.22166279060688232,0.24887392529705035,-0.133795308777,-0.132432243779,44.26984126984127,"Targets use overlapping 63/126-day forward windows sampled daily; effective independent N is roughly n/horizon_days, so IC is a relative ranking metric rather than an absolute significance test."
factor,positioning_momentum,3m,5Y,2789,-0.035636018572327496,0.4865543205449982,,False,-0.006685|0.078154|0.141275|0.102043|-0.030573,True,momentum_3m,0.039941630024607294,-0.075577648597,below_benchmark,2Y,correct_sign_but_does_not_beat_momentum_bar_both_horizons,not_required,,0.08786748183019666,0.11644168151796065,0.22166279060688232,0.24887392529705035,-0.133795308777,-0.132432243779,44.26984126984127,"Targets use overlapping 63/126-day forward windows sampled daily; effective independent N is roughly n/horizon_days, so IC is a relative ranking metric rather than an absolute significance test."
factor,positioning_momentum,3m,5s30s,2789,-0.04657441153813816,0.48762997490139837,,False,0.033602|-0.020824|-0.013285|-0.013011|-0.002401,True,momentum_3m,0.11314019752310214,-0.159714609061,below_benchmark,2Y,correct_sign_but_does_not_beat_momentum_bar_both_horizons,not_required,,0.08786748183019666,0.11644168151796065,0.22166279060688232,0.24887392529705035,-0.133795308777,-0.132432243779,44.26984126984127,"Targets use overlapping 63/126-day forward windows sampled daily; effective independent N is roughly n/horizon_days, so IC is a relative ranking metric rather than an absolute significance test."
factor,positioning_momentum,6m,10Y,2726,-0.030024865967157362,0.45524578136463684,,False,-0.023791|0.199835|0.123651|0.158367|0.045541,True,momentum_3m,0.013872937055944971,-0.043897803023,below_benchmark,2Y,correct_sign_but_does_not_beat_momentum_bar_both_horizons,not_required,,0.08786748183019666,0.11644168151796065,0.22166279060688232,0.24887392529705035,-0.133795308777,-0.132432243779,21.634920634920636,"Targets use overlapping 63/126-day forward windows sampled daily; effective independent N is roughly n/horizon_days, so IC is a relative ranking metric rather than an absolute significance test."
factor,positioning_momentum,6m,2Y,2726,0.11644168151796065,0.5201760821716801,,False,-0.135275|0.200257|0.111651|0.251651|0.278532,True,momentum_3m,0.24887392529705035,-0.132432243779,below_benchmark,2Y,correct_sign_but_does_not_beat_momentum_bar_both_horizons,not_required,,0.08786748183019666,0.11644168151796065,0.22166279060688232,0.24887392529705035,-0.133795308777,-0.132432243779,21.634920634920636,"Targets use overlapping 63/126-day forward windows sampled daily; effective independent N is roughly n/horizon_days, so IC is a relative ranking metric rather than an absolute significance test."
factor,positioning_momentum,6m,2s10s,2726,-0.2982942751397543,0.421496698459281,,False,0.111484|-0.000422|0.012000|-0.093284|-0.232991,True,momentum_3m,0.28690642160872015,-0.585200696748,below_benchmark,2Y,correct_sign_but_does_not_beat_momentum_bar_both_horizons,not_required,,0.08786748183019666,0.11644168151796065,0.22166279060688232,0.24887392529705035,-0.133795308777,-0.132432243779,21.634920634920636,"Targets use overlapping 63/126-day forward windows sampled daily; effective independent N is roughly n/horizon_days, so IC is a relative ranking metric rather than an absolute significance test."
factor,positioning_momentum,6m,30Y,2726,-0.03217141201041922,0.48495964783565665,,False,-0.006410|0.168257|0.132807|0.153229|0.045927,True,momentum_3m,-0.03087174338760357,-0.001299668623,below_benchmark,2Y,correct_sign_but_does_not_beat_momentum_bar_both_horizons,not_required,,0.08786748183019666,0.11644168151796065,0.22166279060688232,0.24887392529705035,-0.133795308777,-0.132432243779,21.634920634920636,"Targets use overlapping 63/126-day forward windows sampled daily; effective independent N is roughly n/horizon_days, so IC is a relative ranking metric rather than an absolute significance test."
factor,positioning_momentum,6m,5Y,2726,0.016560240433032107,0.48532648569332354,,False,-0.058883|0.213853|0.106128|0.173486|0.108587,True,momentum_3m,0.08787808921251757,-0.071317848779,below_benchmark,2Y,correct_sign_but_does_not_beat_momentum_bar_both_horizons,not_required,,0.08786748183019666,0.11644168151796065,0.22166279060688232,0.24887392529705035,-0.133795308777,-0.132432243779,21.634920634920636,"Targets use overlapping 63/126-day forward windows sampled daily; effective independent N is roughly n/horizon_days, so IC is a relative ranking metric rather than an absolute significance test."
factor,positioning_momentum,6m,5s30s,2726,-0.10988679140474182,0.46955245781364635,,False,0.052473|-0.045596|0.026679|-0.020257|-0.062661,True,momentum_3m,0.1570380665735517,-0.266924857978,below_benchmark,2Y,correct_sign_but_does_not_beat_momentum_bar_both_horizons,not_required,,0.08786748183019666,0.11644168151796065,0.22166279060688232,0.24887392529705035,-0.133795308777,-0.132432243779,21.634920634920636,"Targets use overlapping 63/126-day forward windows sampled daily; effective independent N is roughly n/horizon_days, so IC is a relative ranking metric rather than an absolute significance test."
factor,risk_off_overlay,3m,10Y,2789,0.032118810265183,0.2854069558981714,,False,0.027939|0.034982|0.063860|0.013495|0.128244,True,momentum_3m,-0.05223218671697328,0.084350996982,drop,10Y,weak_on_aligned_target_both_horizons,not_required,,0.032118810265183,0.04670107282602993,-0.05223218671697328,0.013872937055944971,0.084350996982,0.03282813577,44.26984126984127,"Targets use overlapping 63/126-day forward windows sampled daily; effective independent N is roughly n/horizon_days, so IC is a relative ranking metric rather than an absolute significance test."
factor,risk_off_overlay,3m,2Y,2789,0.02233331945185696,0.2735747579777698,,False,0.058315|0.067867|0.063734|0.054301|0.120125,False,momentum_3m,0.22166279060688232,-0.199329471155,drop,10Y,weak_on_aligned_target_both_horizons,not_required,,0.032118810265183,0.04670107282602993,-0.05223218671697328,0.013872937055944971,0.084350996982,0.03282813577,44.26984126984127,"Targets use overlapping 63/126-day forward windows sampled daily; effective independent N is roughly n/horizon_days, so IC is a relative ranking metric rather than an absolute significance test."
factor,risk_off_overlay,3m,2s10s,2789,0.014969051476603002,0.35245607744711366,,False,-0.030376|-0.032885|0.000126|-0.040806|0.008118,False,momentum_3m,0.14734450181419018,-0.132375450338,drop,10Y,weak_on_aligned_target_both_horizons,not_required,,0.032118810265183,0.04670107282602993,-0.05223218671697328,0.013872937055944971,0.084350996982,0.03282813577,44.26984126984127,"Targets use overlapping 63/126-day forward windows sampled daily; effective independent N is roughly n/horizon_days, so IC is a relative ranking metric rather than an absolute significance test."
factor,risk_off_overlay,3m,30Y,2789,0.009428018290441872,0.2911437791323055,,False,0.039247|0.037151|0.063070|0.010573|0.118136,True,momentum_3m,-0.1049854579096364,0.1144134762,drop,10Y,weak_on_aligned_target_both_horizons,not_required,,0.032118810265183,0.04670107282602993,-0.05223218671697328,0.013872937055944971,0.084350996982,0.03282813577,44.26984126984127,"Targets use overlapping 63/126-day forward windows sampled daily; effective independent N is roughly n/horizon_days, so IC is a relative ranking metric rather than an absolute significance test."
factor,risk_off_overlay,3m,5Y,2789,0.040087651653509894,0.2947292936536393,,False,0.025556|0.043674|0.063645|0.022061|0.129140,False,momentum_3m,0.039941630024607294,0.000146021629,drop,10Y,weak_on_aligned_target_both_horizons,not_required,,0.032118810265183,0.04670107282602993,-0.05223218671697328,0.013872937055944971,0.084350996982,0.03282813577,44.26984126984127,"Targets use overlapping 63/126-day forward windows sampled daily; effective independent N is roughly n/horizon_days, so IC is a relative ranking metric rather than an absolute significance test."
factor,risk_off_overlay,3m,5s30s,2789,-0.039392739986747104,0.30692004302617426,,False,0.013692|-0.006523|-0.000575|-0.011487|-0.011004,False,momentum_3m,0.11314019752310214,-0.15253293751,drop,10Y,weak_on_aligned_target_both_horizons,not_required,,0.032118810265183,0.04670107282602993,-0.05223218671697328,0.013872937055944971,0.084350996982,0.03282813577,44.26984126984127,"Targets use overlapping 63/126-day forward windows sampled daily; effective independent N is roughly n/horizon_days, so IC is a relative ranking metric rather than an absolute significance test."
factor,risk_off_overlay,6m,10Y,2726,0.04670107282602993,0.3044754218635363,,False,0.089103|0.076936|0.112917|-0.015009|0.239450,True,momentum_3m,0.013872937055944971,0.03282813577,drop,10Y,weak_on_aligned_target_both_horizons,not_required,,0.032118810265183,0.04670107282602993,-0.05223218671697328,0.013872937055944971,0.084350996982,0.03282813577,21.634920634920636,"Targets use overlapping 63/126-day forward windows sampled daily; effective independent N is roughly n/horizon_days, so IC is a relative ranking metric rather than an absolute significance test."
factor,risk_off_overlay,6m,2Y,2726,0.04578217607101049,0.29310344827586204,,False,0.145348|0.133761|0.123009|0.081835|0.222349,False,momentum_3m,0.24887392529705035,-0.203091749226,drop,10Y,weak_on_aligned_target_both_horizons,not_required,,0.032118810265183,0.04670107282602993,-0.05223218671697328,0.013872937055944971,0.084350996982,0.03282813577,21.634920634920636,"Targets use overlapping 63/126-day forward windows sampled daily; effective independent N is roughly n/horizon_days, so IC is a relative ranking metric rather than an absolute significance test."
factor,risk_off_overlay,6m,2s10s,2726,0.008009380728062227,0.34776228906823187,,False,-0.056245|-0.056826|-0.010092|-0.096844|0.017101,False,momentum_3m,0.28690642160872015,-0.278897040881,drop,10Y,weak_on_aligned_target_both_horizons,not_required,,0.032118810265183,0.04670107282602993,-0.05223218671697328,0.013872937055944971,0.084350996982,0.03282813577,21.634920634920636,"Targets use overlapping 63/126-day forward windows sampled daily; effective independent N is roughly n/horizon_days, so IC is a relative ranking metric rather than an absolute significance test."
factor,risk_off_overlay,6m,30Y,2726,0.03210762627791657,0.29016874541452675,,False,0.099652|0.074587|0.111101|-0.028404|0.236679,True,momentum_3m,-0.03087174338760357,0.062979369666,drop,10Y,weak_on_aligned_target_both_horizons,not_required,,0.032118810265183,0.04670107282602993,-0.05223218671697328,0.013872937055944971,0.084350996982,0.03282813577,21.634920634920636,"Targets use overlapping 63/126-day forward windows sampled daily; effective independent N is roughly n/horizon_days, so IC is a relative ranking metric rather than an absolute significance test."
factor,risk_off_overlay,6m,5Y,2726,0.04879504076785844,0.3066764490095378,,False,0.096520|0.091266|0.113615|0.011541|0.229945,False,momentum_3m,0.08787808921251757,-0.039083048445,drop,10Y,weak_on_aligned_target_both_horizons,not_required,,0.032118810265183,0.04670107282602993,-0.05223218671697328,0.013872937055944971,0.084350996982,0.03282813577,21.634920634920636,"Targets use overlapping 63/126-day forward windows sampled daily; effective independent N is roughly n/horizon_days, so IC is a relative ranking metric rather than an absolute significance test."
factor,risk_off_overlay,6m,5s30s,2726,-0.012632228128236072,0.32245047688921497,,False,0.003132|-0.016679|-0.002514|-0.039945|0.006734,False,momentum_3m,0.1570380665735517,-0.169670294702,drop,10Y,weak_on_aligned_target_both_horizons,not_required,,0.032118810265183,0.04670107282602993,-0.05223218671697328,0.013872937055944971,0.084350996982,0.03282813577,21.634920634920636,"Targets use overlapping 63/126-day forward windows sampled daily; effective independent N is roughly n/horizon_days, so IC is a relative ranking metric rather than an absolute significance test."
factor,term_premium,3m,10Y,2789,0.16350321033930407,0.5618501254930083,,False,-0.090251|0.041756|0.060772|0.132384|0.123853,True,momentum_3m,-0.05223218671697328,0.215735397056,keep,30Y,correct_sign_and_beats_momentum_bar_on_aligned_target,fixed_code_sign_bug,"Fixed: rising ACM term premium is treated as long-end cheapness/expected mean reversion, not as automatic forward yield-up pressure.",0.1497172322744474,0.06958923384576965,-0.1049854579096364,-0.03087174338760357,0.254702690184,0.100460977233,44.26984126984127,"Targets use overlapping 63/126-day forward windows sampled daily; effective independent N is roughly n/horizon_days, so IC is a relative ranking metric rather than an absolute significance test."
factor,term_premium,3m,2Y,2789,,0.024022947292936535,,False,,False,momentum_3m,0.22166279060688232,,keep,30Y,correct_sign_and_beats_momentum_bar_on_aligned_target,fixed_code_sign_bug,"Fixed: rising ACM term premium is treated as long-end cheapness/expected mean reversion, not as automatic forward yield-up pressure.",0.1497172322744474,0.06958923384576965,-0.1049854579096364,-0.03087174338760357,0.254702690184,0.100460977233,44.26984126984127,"Targets use overlapping 63/126-day forward windows sampled daily; effective independent N is roughly n/horizon_days, so IC is a relative ranking metric rather than an absolute significance test."
factor,term_premium,3m,2s10s,2789,0.012928019607984308,0.4736464682681965,,False,-0.000735|-0.019283|-0.003609|-0.091846|0.019642,False,momentum_3m,0.14734450181419018,-0.134416482206,keep,30Y,correct_sign_and_beats_momentum_bar_on_aligned_target,fixed_code_sign_bug,"Fixed: rising ACM term premium is treated as long-end cheapness/expected mean reversion, not as automatic forward yield-up pressure.",0.1497172322744474,0.06958923384576965,-0.1049854579096364,-0.03087174338760357,0.254702690184,0.100460977233,44.26984126984127,"Targets use overlapping 63/126-day forward windows sampled daily; effective independent N is roughly n/horizon_days, so IC is a relative ranking metric rather than an absolute significance test."
factor,term_premium,3m,30Y,2789,0.1497172322744474,0.5464324130512729,,True,-0.075663|0.057079|0.064219|0.100358|0.122186,True,momentum_3m,-0.1049854579096364,0.254702690184,keep,30Y,correct_sign_and_beats_momentum_bar_on_aligned_target,fixed_code_sign_bug,"Fixed: rising ACM term premium is treated as long-end cheapness/expected mean reversion, not as automatic forward yield-up pressure.",0.1497172322744474,0.06958923384576965,-0.1049854579096364,-0.03087174338760357,0.254702690184,0.100460977233,44.26984126984127,"Targets use overlapping 63/126-day forward windows sampled daily; effective independent N is roughly n/horizon_days, so IC is a relative ranking metric rather than an absolute significance test."
factor,term_premium,3m,5Y,2789,0.16199505455762284,0.5614915740408749,,False,-0.105215|0.031308|0.064165|0.171703|0.122115,False,momentum_3m,0.039941630024607294,0.122053424533,keep,30Y,correct_sign_and_beats_momentum_bar_on_aligned_target,fixed_code_sign_bug,"Fixed: rising ACM term premium is treated as long-end cheapness/expected mean reversion, not as automatic forward yield-up pressure.",0.1497172322744474,0.06958923384576965,-0.1049854579096364,-0.03087174338760357,0.254702690184,0.100460977233,44.26984126984127,"Targets use overlapping 63/126-day forward windows sampled daily; effective independent N is roughly n/horizon_days, so IC is a relative ranking metric rather than an absolute significance test."
factor,term_premium,3m,5s30s,2789,-0.09751415954721634,0.4370742201505916,,False,0.029552|0.025771|0.000054|-0.071344|0.000072,False,momentum_3m,0.11314019752310214,-0.21065435707,keep,30Y,correct_sign_and_beats_momentum_bar_on_aligned_target,fixed_code_sign_bug,"Fixed: rising ACM term premium is treated as long-end cheapness/expected mean reversion, not as automatic forward yield-up pressure.",0.1497172322744474,0.06958923384576965,-0.1049854579096364,-0.03087174338760357,0.254702690184,0.100460977233,44.26984126984127,"Targets use overlapping 63/126-day forward windows sampled daily; effective independent N is roughly n/horizon_days, so IC is a relative ranking metric rather than an absolute significance test."
factor,term_premium,6m,10Y,2726,0.10151254652572951,0.5656639765223771,,False,-0.056960|0.131908|0.153229|0.172275|0.103211,True,momentum_3m,0.013872937055944971,0.08763960947,keep,30Y,correct_sign_and_beats_momentum_bar_on_aligned_target,fixed_code_sign_bug,"Fixed: rising ACM term premium is treated as long-end cheapness/expected mean reversion, not as automatic forward yield-up pressure.",0.1497172322744474,0.06958923384576965,-0.1049854579096364,-0.03087174338760357,0.254702690184,0.100460977233,21.634920634920636,"Targets use overlapping 63/126-day forward windows sampled daily; effective independent N is roughly n/horizon_days, so IC is a relative ranking metric rather than an absolute significance test."
factor,term_premium,6m,2Y,2726,,0.016140865737344093,,False,,False,momentum_3m,0.24887392529705035,,keep,30Y,correct_sign_and_beats_momentum_bar_on_aligned_target,fixed_code_sign_bug,"Fixed: rising ACM term premium is treated as long-end cheapness/expected mean reversion, not as automatic forward yield-up pressure.",0.1497172322744474,0.06958923384576965,-0.1049854579096364,-0.03087174338760357,0.254702690184,0.100460977233,21.634920634920636,"Targets use overlapping 63/126-day forward windows sampled daily; effective independent N is roughly n/horizon_days, so IC is a relative ranking metric rather than an absolute significance test."
factor,term_premium,6m,2s10s,2726,-0.06087191055041951,0.4280997798972854,,False,-0.035769|0.030147|0.003248|-0.165229|-0.035339,False,momentum_3m,0.28690642160872015,-0.347778332159,keep,30Y,correct_sign_and_beats_momentum_bar_on_aligned_target,fixed_code_sign_bug,"Fixed: rising ACM term premium is treated as long-end cheapness/expected mean reversion, not as automatic forward yield-up pressure.",0.1497172322744474,0.06958923384576965,-0.1049854579096364,-0.03087174338760357,0.254702690184,0.100460977233,21.634920634920636,"Targets use overlapping 63/126-day forward windows sampled daily; effective independent N is roughly n/horizon_days, so IC is a relative ranking metric rather than an absolute significance test."
factor,term_premium,6m,30Y,2726,0.06958923384576965,0.5447542186353632,,False,-0.037271|0.172954|0.153083|0.123963|0.081138,True,momentum_3m,-0.03087174338760357,0.100460977233,keep,30Y,correct_sign_and_beats_momentum_bar_on_aligned_target,fixed_code_sign_bug,"Fixed: rising ACM term premium is treated as long-end cheapness/expected mean reversion, not as automatic forward yield-up pressure.",0.1497172322744474,0.06958923384576965,-0.1049854579096364,-0.03087174338760357,0.254702690184,0.100460977233,21.634920634920636,"Targets use overlapping 63/126-day forward windows sampled daily; effective independent N is roughly n/horizon_days, so IC is a relative ranking metric rather than an absolute significance test."
factor,term_premium,6m,5Y,2726,0.10352432110923676,0.5407190022010272,,False,-0.052692|0.093229|0.147450|0.231101|0.124073,False,momentum_3m,0.08787808921251757,0.015646231897,keep,30Y,correct_sign_and_beats_momentum_bar_on_aligned_target,fixed_code_sign_bug,"Fixed: rising ACM term premium is treated as long-end cheapness/expected mean reversion, not as automatic forward yield-up pressure.",0.1497172322744474,0.06958923384576965,-0.1049854579096364,-0.03087174338760357,0.254702690184,0.100460977233,21.634920634920636,"Targets use overlapping 63/126-day forward windows sampled daily; effective independent N is roughly n/horizon_days, so IC is a relative ranking metric rather than an absolute significance test."
factor,term_premium,6m,5s30s,2726,-0.10620943923998252,0.450476889214967,,False,0.015421|0.079725|0.005633|-0.107138|-0.042936,False,momentum_3m,0.1570380665735517,-0.263247505814,keep,30Y,correct_sign_and_beats_momentum_bar_on_aligned_target,fixed_code_sign_bug,"Fixed: rising ACM term premium is treated as long-end cheapness/expected mean reversion, not as automatic forward yield-up pressure.",0.1497172322744474,0.06958923384576965,-0.1049854579096364,-0.03087174338760357,0.254702690184,0.100460977233,21.634920634920636,"Targets use overlapping 63/126-day forward windows sampled daily; effective independent N is roughly n/horizon_days, so IC is a relative ranking metric rather than an absolute significance test."
