as_of,target,month,horizon_days,current,central,delta_bp,p10,p25,p50,p75,p90,base_central,overlay_bp,overlay_reasons,uncertainty_widen_bp
2026-06-02,2Y,1,21,4.034008,4.051539,1.7531,3.043073,3.554555,4.051539,4.508296,4.88587,4.051539,0.0,"['atlanta_mpt_object_pod: no high-conviction next-meeting cut/hike probability; overlay step +0.0bp.', 'Jun 2026 contains NFP (6/05) + CPI (6/10) + FOMC (6/17) + PCE (6/25) + NFP (7/02) + CPI (7/14) + FOMC (7/29) + PCE (7/30); fan widened by configured event uncertainty.']",32.771939
2026-06-02,2Y,2,42,4.034008,4.060082,2.6074,2.878552,3.553021,4.060082,4.531996,4.85314,,,"['Aug 2026 contains QRA (8/05, date estimated) + NFP (8/07) + CPI (8/12) + PCE (8/26); fan widened by configured event uncertainty.']",14.899664
2026-06-02,2Y,3,63,4.034008,4.062167,2.8159,2.587853,3.462748,4.062167,4.666768,5.048789,,,['Sep 2026 contains NFP (9/04) + CPI (9/11) + FOMC (9/16) + PCE (9/30); fan widened by configured event uncertainty.'],23.17326
2026-06-02,2Y,4,84,4.034008,4.059693,2.5685,2.438862,3.460274,4.059693,4.737014,5.175791,,,['Oct 2026 contains NFP (10/02) + CPI (10/14) + FOMC (10/28) + PCE (10/29); fan widened by configured event uncertainty.'],23.17326
2026-06-02,2Y,5,105,4.034008,4.054085,2.0077,2.448082,3.483478,4.054085,4.760218,5.196347,,,"['Nov 2026 contains QRA (11/04, date estimated) + NFP (11/06) + CPI (11/10) + PCE (11/25); fan widened by configured event uncertainty.']",14.899664
2026-06-02,2Y,6,126,4.034008,4.046401,1.2393,2.274828,3.443031,4.046401,4.781346,5.395339,,,['Dec 2026 contains NFP (12/04) + FOMC (12/09) + CPI (12/10) + PCE (12/23); fan widened by configured event uncertainty.'],23.17326
2026-06-02,2Y,7,147,4.034008,4.037422,0.3414,2.267402,3.413851,4.037422,4.752166,5.387913,,,"['Jan 2027 contains NFP (1/08, date estimated) + CPI (1/13, date estimated) + PCE (1/29, date estimated); fan widened by configured event uncertainty.']",14.59452
2026-06-02,2Y,8,168,4.034008,4.027722,-0.6286,2.265394,3.425318,4.027722,4.808731,5.445622,,,"['Feb 2027 contains QRA (2/03, date estimated) + NFP (2/05, date estimated) + CPI (2/11, date estimated) + PCE (2/26, date estimated); fan widened by configured event uncertainty.']",14.899664
2026-06-02,2Y,9,189,4.034008,4.017713,-1.6295,2.258437,3.412331,4.017713,4.83105,5.493609,,,"['Mar 2027 contains NFP (3/05, date estimated) + CPI (3/11, date estimated) + PCE (3/26, date estimated); fan widened by configured event uncertainty.']",14.59452
2026-06-02,2Y,10,210,4.034008,4.007689,-2.6319,2.230395,3.326642,4.007689,4.895808,5.594884,,,"['Apr 2027 contains NFP (4/02, date estimated) + CPI (4/14, date estimated) + PCE (4/30, date estimated); fan widened by configured event uncertainty.']",14.59452
2026-06-02,2Y,11,231,4.034008,3.997854,-3.6154,2.192399,3.215013,3.997854,4.957568,5.74634,,,"['May 2027 contains QRA (5/05, date estimated) + NFP (5/07, date estimated) + CPI (5/12, date estimated) + PCE (5/28, date estimated); fan widened by configured event uncertainty.']",14.899664
2026-06-02,2Y,12,252,4.034008,3.988345,-4.5663,2.170113,3.202095,3.988345,4.94465,5.724054,,,,
2026-06-02,5Y,1,21,4.211569,4.226811,1.5242,3.283624,3.774565,4.226811,4.692823,5.055589,,,['Jun 2026 contains NFP (6/05) + CPI (6/10) + FOMC (6/17) + PCE (6/25) + NFP (7/02) + CPI (7/14) + FOMC (7/29) + PCE (7/30); fan widened by configured event uncertainty.'],29.698485
2026-06-02,5Y,2,42,4.211569,4.233424,2.1855,3.09677,3.74867,4.233424,4.735373,5.043864,,,"['Aug 2026 contains QRA (8/05, date estimated) + NFP (8/07) + CPI (8/12) + PCE (8/26); fan widened by configured event uncertainty.']",16.763055
2026-06-02,5Y,3,63,4.211569,4.233889,2.232,2.91738,3.699835,4.233889,4.829905,5.231031,,,['Sep 2026 contains NFP (9/04) + CPI (9/11) + FOMC (9/16) + PCE (9/30); fan widened by configured event uncertainty.'],21.0
2026-06-02,5Y,4,84,4.211569,4.230065,1.8496,2.84458,3.673429,4.230065,4.870543,5.332206,,,['Oct 2026 contains NFP (10/02) + CPI (10/14) + FOMC (10/28) + PCE (10/29); fan widened by configured event uncertainty.'],21.0
2026-06-02,5Y,5,105,4.211569,4.223341,1.1772,2.793659,3.630075,4.223341,4.852276,5.312601,,,"['Nov 2026 contains QRA (11/04, date estimated) + NFP (11/06) + CPI (11/10) + PCE (11/25); fan widened by configured event uncertainty.']",16.763055
2026-06-02,5Y,6,126,4.211569,4.214745,0.3176,2.685322,3.558062,4.214745,4.864865,5.350078,,,['Dec 2026 contains NFP (12/04) + FOMC (12/09) + CPI (12/10) + PCE (12/23); fan widened by configured event uncertainty.'],21.0
2026-06-02,5Y,7,147,4.211569,4.205032,-0.6537,2.65139,3.527495,4.205032,4.834298,5.316145,,,"['Jan 2027 contains NFP (1/08, date estimated) + CPI (1/13, date estimated) + PCE (1/29, date estimated); fan widened by configured event uncertainty.']",15.652476
2026-06-02,5Y,8,168,4.211569,4.194753,-1.6816,2.630193,3.45494,4.194753,4.823688,5.354139,,,"['Feb 2027 contains QRA (2/03, date estimated) + NFP (2/05, date estimated) + CPI (2/11, date estimated) + PCE (2/26, date estimated); fan widened by configured event uncertainty.']",16.763055
2026-06-02,5Y,9,189,4.211569,4.184299,-2.727,2.606955,3.412519,4.184299,4.883636,5.417823,,,"['Mar 2027 contains NFP (3/05, date estimated) + CPI (3/11, date estimated) + PCE (3/26, date estimated); fan widened by configured event uncertainty.']",15.652476
2026-06-02,5Y,10,210,4.211569,4.173948,-3.7621,2.596604,3.329057,4.173948,4.876331,5.50841,,,"['Apr 2027 contains NFP (4/02, date estimated) + CPI (4/14, date estimated) + PCE (4/30, date estimated); fan widened by configured event uncertainty.']",15.652476
2026-06-02,5Y,11,231,4.211569,4.163887,-4.7682,2.52337,3.257306,4.163887,4.896026,5.575828,,,"['May 2027 contains QRA (5/05, date estimated) + NFP (5/07, date estimated) + CPI (5/12, date estimated) + PCE (5/28, date estimated); fan widened by configured event uncertainty.']",16.763055
2026-06-02,5Y,12,252,4.211569,4.154242,-5.7327,2.479239,3.204293,4.154242,4.843013,5.531696,,,,
2026-06-02,10Y,1,21,4.452721,4.458833,0.6112,3.534697,4.033362,4.458833,4.88878,5.271966,,,['Jun 2026 contains NFP (6/05) + CPI (6/10) + FOMC (6/17) + PCE (6/25) + NFP (7/02) + CPI (7/14) + FOMC (7/29) + PCE (7/30); fan widened by configured event uncertainty.'],28.495614
2026-06-02,10Y,2,42,4.452721,4.458181,0.546,3.348271,4.001181,4.458181,4.975564,5.320686,,,"['Aug 2026 contains QRA (8/05, date estimated) + NFP (8/07) + CPI (8/12) + PCE (8/26); fan widened by configured event uncertainty.']",18.520259
2026-06-02,10Y,3,63,4.452721,4.452861,0.014,3.181507,3.904167,4.452861,5.045116,5.479318,,,['Sep 2026 contains NFP (9/04) + CPI (9/11) + FOMC (9/16) + PCE (9/30); fan widened by configured event uncertainty.'],20.149442
2026-06-02,10Y,4,84,4.452721,4.444431,-0.829,3.102208,3.803467,4.444431,5.063367,5.553854,,,['Oct 2026 contains NFP (10/02) + CPI (10/14) + FOMC (10/28) + PCE (10/29); fan widened by configured event uncertainty.'],20.149442
2026-06-02,10Y,5,105,4.452721,4.434042,-1.8679,3.013109,3.710599,4.434042,5.044832,5.576133,,,"['Nov 2026 contains QRA (11/04, date estimated) + NFP (11/06) + CPI (11/10) + PCE (11/25); fan widened by configured event uncertainty.']",18.520259
2026-06-02,10Y,6,126,4.452721,4.422537,-3.0184,2.893617,3.62613,4.422537,5.072242,5.656814,,,['Dec 2026 contains NFP (12/04) + FOMC (12/09) + CPI (12/10) + PCE (12/23); fan widened by configured event uncertainty.'],20.149442
2026-06-02,10Y,7,147,4.452721,4.410524,-4.2197,2.774624,3.554204,4.410524,5.040414,5.647905,,,"['Jan 2027 contains NFP (1/08, date estimated) + CPI (1/13, date estimated) + PCE (1/29, date estimated); fan widened by configured event uncertainty.']",16.186414
2026-06-02,10Y,8,168,4.452721,4.398434,-5.4287,2.645972,3.48409,4.398434,5.039993,5.728701,,,"['Feb 2027 contains QRA (2/03, date estimated) + NFP (2/05, date estimated) + CPI (2/11, date estimated) + PCE (2/26, date estimated); fan widened by configured event uncertainty.']",18.520259
2026-06-02,10Y,9,189,4.452721,4.386567,-6.6154,2.657444,3.451669,4.386567,5.016457,5.743676,,,"['Mar 2027 contains NFP (3/05, date estimated) + CPI (3/11, date estimated) + PCE (3/26, date estimated); fan widened by configured event uncertainty.']",16.186414
2026-06-02,10Y,10,210,4.452721,4.375126,-7.7595,2.646003,3.440228,4.375126,5.028857,5.81925,,,"['Apr 2027 contains NFP (4/02, date estimated) + CPI (4/14, date estimated) + PCE (4/30, date estimated); fan widened by configured event uncertainty.']",16.186414
2026-06-02,10Y,11,231,4.452721,4.36424,-8.8481,2.611778,3.373585,4.36424,5.041798,5.860937,,,"['May 2027 contains QRA (5/05, date estimated) + NFP (5/07, date estimated) + CPI (5/12, date estimated) + PCE (5/28, date estimated); fan widened by configured event uncertainty.']",18.520259
2026-06-02,10Y,12,252,4.452721,4.353985,-9.8736,2.591673,3.3086,4.353985,4.976813,5.840832,,,,
2026-06-02,30Y,1,21,4.991701,4.935738,-5.5963,4.087794,4.535536,4.935738,5.29491,5.658617,,,['Jun 2026 contains NFP (6/05) + CPI (6/10) + FOMC (6/17) + PCE (6/25) + NFP (7/02) + CPI (7/14) + FOMC (7/29) + PCE (7/30); fan widened by configured event uncertainty.'],24.859606
2026-06-02,30Y,2,42,4.991701,4.886712,-10.4989,3.851489,4.407239,4.886712,5.354545,5.678097,,,"['Aug 2026 contains QRA (8/05, date estimated) + NFP (8/07) + CPI (8/12) + PCE (8/26); fan widened by configured event uncertainty.']",17.578396
2026-06-02,30Y,3,63,4.991701,4.84365,-14.8051,3.695319,4.313675,4.84365,5.41168,5.794198,,,['Sep 2026 contains NFP (9/04) + CPI (9/11) + FOMC (9/16) + PCE (9/30); fan widened by configured event uncertainty.'],17.578396
2026-06-02,30Y,4,84,4.991701,4.805738,-18.5963,3.538234,4.140738,4.805738,5.387983,5.902016,,,['Oct 2026 contains NFP (10/02) + CPI (10/14) + FOMC (10/28) + PCE (10/29); fan widened by configured event uncertainty.'],17.578396
2026-06-02,30Y,5,105,4.991701,4.772289,-21.9412,3.438824,4.034221,4.772289,5.412221,5.961481,,,"['Nov 2026 contains QRA (11/04, date estimated) + NFP (11/06) + CPI (11/10) + PCE (11/25); fan widened by configured event uncertainty.']",17.578396
2026-06-02,30Y,6,126,4.991701,4.742721,-24.898,3.253786,3.95927,4.742721,5.395647,6.026733,,,['Dec 2026 contains NFP (12/04) + FOMC (12/09) + CPI (12/10) + PCE (12/23); fan widened by configured event uncertainty.'],17.578396
2026-06-02,30Y,7,147,4.991701,4.716539,-27.5162,3.142243,3.913093,4.716539,5.358835,6.129415,,,"['Jan 2027 contains NFP (1/08, date estimated) + CPI (1/13, date estimated) + PCE (1/29, date estimated); fan widened by configured event uncertainty.']",14.456832
2026-06-02,30Y,8,168,4.991701,4.693318,-29.8383,3.087806,3.874264,4.693318,5.440477,6.278,,,"['Feb 2027 contains QRA (2/03, date estimated) + NFP (2/05, date estimated) + CPI (2/11, date estimated) + PCE (2/26, date estimated); fan widened by configured event uncertainty.']",17.578396
2026-06-02,30Y,9,189,4.991701,4.672696,-31.9005,3.0984,3.86925,4.672696,5.508551,6.301075,,,"['Mar 2027 contains NFP (3/05, date estimated) + CPI (3/11, date estimated) + PCE (3/26, date estimated); fan widened by configured event uncertainty.']",14.456832
2026-06-02,30Y,10,210,4.991701,4.654358,-33.7343,3.080062,3.850912,4.654358,5.612954,6.337341,,,"['Apr 2027 contains NFP (4/02, date estimated) + CPI (4/14, date estimated) + PCE (4/30, date estimated); fan widened by configured event uncertainty.']",14.456832
2026-06-02,30Y,11,231,4.991701,4.638031,-35.367,3.003896,3.78361,4.638031,5.646979,6.35223,,,"['May 2027 contains QRA (5/05, date estimated) + NFP (5/07, date estimated) + CPI (5/12, date estimated) + PCE (5/28, date estimated); fan widened by configured event uncertainty.']",17.578396
2026-06-02,30Y,12,252,4.991701,4.623481,-36.822,2.980818,3.740467,4.623481,5.603836,6.329152,,,,
2026-06-02,2s10s,1,21,0.418713,0.407295,-1.1418,-0.199566,0.104621,0.407295,0.71732,1.042255,0.407295,0.0,"['atlanta_mpt_object_pod: no high-conviction next-meeting cut/hike probability; overlay step +0.0bp.', 'Jun 2026 contains NFP (6/05) + CPI (6/10) + FOMC (6/17) + PCE (6/25) + NFP (7/02) + CPI (7/14) + FOMC (7/29) + PCE (7/30); fan widened by configured event uncertainty.']",43.428102
2026-06-02,2s10s,2,42,0.418713,0.398099,-2.0614,-0.201383,0.09599,0.398099,0.708689,1.040438,,,"['Aug 2026 contains QRA (8/05, date estimated) + NFP (8/07) + CPI (8/12) + PCE (8/26); fan widened by configured event uncertainty.']",23.769729
2026-06-02,2s10s,3,63,0.418713,0.390694,-2.8019,-0.229872,0.077694,0.390694,0.729394,1.100047,,,['Sep 2026 contains NFP (9/04) + CPI (9/11) + FOMC (9/16) + PCE (9/30); fan widened by configured event uncertainty.'],30.708305
2026-06-02,2s10s,4,84,0.418713,0.384737,-3.3976,-0.258692,0.049691,0.384737,0.732361,1.195051,,,['Oct 2026 contains NFP (10/02) + CPI (10/14) + FOMC (10/28) + PCE (10/29); fan widened by configured event uncertainty.'],30.708305
2026-06-02,2s10s,5,105,0.418713,0.379957,-3.8756,-0.279897,0.044893,0.379957,0.727563,1.20297,,,"['Nov 2026 contains QRA (11/04, date estimated) + NFP (11/06) + CPI (11/10) + PCE (11/25); fan widened by configured event uncertainty.']",23.769729
2026-06-02,2s10s,6,126,0.418713,0.376137,-4.2576,-0.407591,-0.028029,0.376137,0.782049,1.327269,,,['Dec 2026 contains NFP (12/04) + FOMC (12/09) + CPI (12/10) + PCE (12/23); fan widened by configured event uncertainty.'],30.708305
2026-06-02,2s10s,7,147,0.418713,0.373101,-4.5612,-0.415115,-0.036621,0.373101,0.773457,1.319745,,,"['Jan 2027 contains NFP (1/08, date estimated) + CPI (1/13, date estimated) + PCE (1/29, date estimated); fan widened by configured event uncertainty.']",21.794495
2026-06-02,2s10s,8,168,0.418713,0.370711,-4.8002,-0.501797,-0.076872,0.370711,0.8089,1.32452,,,"['Feb 2027 contains QRA (2/03, date estimated) + NFP (2/05, date estimated) + CPI (2/11, date estimated) + PCE (2/26, date estimated); fan widened by configured event uncertainty.']",23.769729
2026-06-02,2s10s,9,189,0.418713,0.368854,-4.9859,-0.564602,-0.093047,0.368854,0.815645,1.327644,,,"['Mar 2027 contains NFP (3/05, date estimated) + CPI (3/11, date estimated) + PCE (3/26, date estimated); fan widened by configured event uncertainty.']",21.794495
2026-06-02,2s10s,10,210,0.418713,0.367437,-5.1276,-0.611612,-0.126731,0.367437,0.82642,1.362564,,,"['Apr 2027 contains NFP (4/02, date estimated) + CPI (4/14, date estimated) + PCE (4/30, date estimated); fan widened by configured event uncertainty.']",21.794495
2026-06-02,2s10s,11,231,0.418713,0.366386,-5.2327,-0.712114,-0.165023,0.366386,0.868277,1.458511,,,"['May 2027 contains QRA (5/05, date estimated) + NFP (5/07, date estimated) + CPI (5/12, date estimated) + PCE (5/28, date estimated); fan widened by configured event uncertainty.']",23.769729
2026-06-02,2s10s,12,252,0.418713,0.36564,-5.3073,-0.714854,-0.181225,0.36564,0.852075,1.45577,,,,
2026-06-02,5s30s,1,21,0.780132,0.708927,-7.1205,0.100457,0.408904,0.708927,1.004896,1.290408,,,['Jun 2026 contains NFP (6/05) + CPI (6/10) + FOMC (6/17) + PCE (6/25) + NFP (7/02) + CPI (7/14) + FOMC (7/29) + PCE (7/30); fan widened by configured event uncertainty.'],38.729833
2026-06-02,5s30s,2,42,0.780132,0.653288,-12.6844,0.043769,0.354306,0.653288,0.950298,1.233719,,,"['Aug 2026 contains QRA (8/05, date estimated) + NFP (8/07) + CPI (8/12) + PCE (8/26); fan widened by configured event uncertainty.']",24.289916
2026-06-02,5s30s,3,63,0.780132,0.609761,-17.0371,-0.024237,0.257211,0.609761,0.928187,1.279435,,,['Sep 2026 contains NFP (9/04) + CPI (9/11) + FOMC (9/16) + PCE (9/30); fan widened by configured event uncertainty.'],27.386128
2026-06-02,5s30s,4,84,0.780132,0.575673,-20.4459,-0.091509,0.196708,0.575673,0.959911,1.293721,,,['Oct 2026 contains NFP (10/02) + CPI (10/14) + FOMC (10/28) + PCE (10/29); fan widened by configured event uncertainty.'],27.386128
2026-06-02,5s30s,5,105,0.780132,0.548948,-23.1184,-0.174088,0.173516,0.548948,0.970745,1.306392,,,"['Nov 2026 contains QRA (11/04, date estimated) + NFP (11/06) + CPI (11/10) + PCE (11/25); fan widened by configured event uncertainty.']",24.289916
2026-06-02,5s30s,6,126,0.780132,0.527976,-25.2156,-0.300408,0.071355,0.527976,0.965254,1.31816,,,['Dec 2026 contains NFP (12/04) + FOMC (12/09) + CPI (12/10) + PCE (12/23); fan widened by configured event uncertainty.'],27.386128
2026-06-02,5s30s,7,147,0.780132,0.511506,-26.8626,-0.349486,0.041502,0.511506,0.94708,1.269083,,,"['Jan 2027 contains NFP (1/08, date estimated) + CPI (1/13, date estimated) + PCE (1/29, date estimated); fan widened by configured event uncertainty.']",21.307276
2026-06-02,5s30s,8,168,0.780132,0.498566,-28.1566,-0.480657,-0.023369,0.498566,0.953131,1.269948,,,"['Feb 2027 contains QRA (2/03, date estimated) + NFP (2/05, date estimated) + CPI (2/11, date estimated) + PCE (2/26, date estimated); fan widened by configured event uncertainty.']",24.289916
2026-06-02,5s30s,9,189,0.780132,0.488397,-29.1735,-0.502278,-0.03853,0.488397,0.963419,1.283462,,,"['Mar 2027 contains NFP (3/05, date estimated) + CPI (3/11, date estimated) + PCE (3/26, date estimated); fan widened by configured event uncertainty.']",21.307276
2026-06-02,5s30s,10,210,0.780132,0.48041,-29.9722,-0.5216,-0.064112,0.48041,0.965715,1.347028,,,"['Apr 2027 contains NFP (4/02, date estimated) + CPI (4/14, date estimated) + PCE (4/30, date estimated); fan widened by configured event uncertainty.']",21.307276
2026-06-02,5s30s,11,231,0.780132,0.474144,-30.5988,-0.597666,-0.11336,0.474144,0.988498,1.41595,,,"['May 2027 contains QRA (5/05, date estimated) + NFP (5/07, date estimated) + CPI (5/12, date estimated) + PCE (5/28, date estimated); fan widened by configured event uncertainty.']",24.289916
2026-06-02,5s30s,12,252,0.780132,0.46924,-31.0892,-0.540455,-0.1017,0.46924,1.000158,1.473161,,,,
